核准編號,團體名稱,電話,行政區,臺北市核准地點,備註,經度,緯度
1,台北市自閉症家長協會,(02)25953937,大同區,民樂街31號對面,,121.51097,25.0545
2,台北市自閉症家長協會,(02)25953937,大安區,四維路52巷10號旁,,121.54708,25.03507
3,台北市自閉症家長協會,(02)25953937,松山區,興安街與民生東路3段130巷口（公佈欄旁）,,121.54653,25.0561
4,台北市自閉症家長協會,(02)25953937,中正區,泉州街127號,,121.52197,25.0965
5,台北市自閉症家長協會,(02)25953937,大安區,和平東路1段溫州街口,,121.53342,25.02609
6,台北市自閉症家長協會,(02)25953937,信義區,中坡北路與松隆路旁（公園）人行道,,121.5796,25.04813
7,台北市自閉症家長協會,(02)25953937,中正區,寧波西街60號前,,121.5173,25.03051
8,台北市自閉症家長協會,(02)25953937,大安區,復興南路2段151巷30弄與171巷交叉口,,121.54535,25.02803
9,台北市自閉症家長協會,(02)25953937,大安區,復興南路2段193巷16弄口,,121.54446,25.02648
10,台北市自閉症家長協會,(02)25953937,中山區,興安街103號前人行道,,121.5437,25.05609
11,台北市自閉症家長協會,(02)25953937,中山區,長春路339巷口,,121.54483,25.05459
12,台北市自閉症家長協會,(02)25953937,中山區,民生東路3段與遼寧街口變電箱旁,,121.54223,25.05764
13,台北市自閉症家長協會,(02)25953937,中正區,和平西路2段55號旁（建國中學圍牆邊）,,121.5121,25.02917
14,台北市自閉症家長協會,(02)25953937,北投區,中和街47號對面,,121.50247,25.13841
15,台北市自閉症家長協會,(02)25953937,大安區,仁愛路4段300巷35弄2號對面,,121.55465,25.03539
16,台北市自閉症家長協會,(02)25953937,大安區,大安路1段193-2號旁與四維路44巷口,,121.54612,25.03558
17,台北市自閉症家長協會,(02)25953937,信義區,信義路6段76巷2弄47號對面,,121.55465,25.03539
18,台北市自閉症家長協會,(02)25953937,松山區,撫遠街與新東街30巷口,,121.54612,25.03558
19,台北市自閉症家長協會,(02)25953937,中正區,和平西路1段150號,,121.51545,25.02728
20,台北市自閉症家長協會,(02)25953937,文山區,景福街223巷口(學校圍牆邊),,121.53834,24.99426
21,台北市自閉症家長協會,(02)25953937,松山區,慶城街16號與南京東路3段303巷7弄對面(公園),,121.54582,25.05294
22,台北市自閉症家長協會,(02)25953937,信義區,忠孝東路5段372巷28弄3號對面(圍牆邊),,121.57395,25.03898
23,台北市自閉症家長協會,(02)25953937,信義區,和平東路3段341巷7號對面公園人行道,,121.55697,25.02098
24,台北市自閉症家長協會,(02)25953937,內湖區,陽光街68巷口(陽光公園旁),,121.58357,25.07587
25,台北市自閉症家長協會,(02)25953937,大安區,和平東路3段1巷成功市場對面,,121.54673,25.02625
26,台北市自閉症家長協會,(02)25953937,信義區,松山路與虎林街55巷（銀行邊）人行道,,121.57744,25.04735
27,台北市自閉症家長協會,(02)25953937,中山區,新生北路3段82之5號前,,121.52741,25.06733
28,台北市自閉症家長協會,(02)25953937,大安區,和平東路2段118巷(公園),,121.54283,25.02332
29,台北市自閉症家長協會,(02)25953937,中山區,遼寧街128巷與龍江路交叉口,,121.54069,25.05341
30,台北市自閉症家長協會,(02)25953937,大安區,泰順街57巷口斜對面圍牆旁,,121.53138,25.02246
31,台北市自閉症家長協會,(02)25953937,大安區,泰順街與溫州街12巷口,,121.53155,25.02577
32,台北市自閉症家長協會,(02)25953937,大安區,瑞安街208巷70弄口,,121.54052,25.03031
33,台北市自閉症家長協會,(02)25953937,文山區,景後街149巷與景興路交叉口,,121.54272,24.99004
34,台北市自閉症家長協會,(02)25953937,文山區,景文街41號對面,,121.54129,24.99223
41,臺北市視障樂活福利促進會,(02)25993105,士林區,中山北路7段181巷22弄2號正對面,,121.53087,25.125404
42,臺北市視障樂活福利促進會,(02)25993105,士林區,中山北路7段227巷8號斜對面,,121.532614,25.127645
43,臺北市視障樂活福利促進會,(02)25993105,士林區,忠義街71巷口電信箱旁,,121.531518,25.105879
44,臺北市視障樂活福利促進會,(02)25993105,士林區,中山北路6段277巷18弄2號右邊電桿旁,,121.524296,25.109886
45,臺北市視障樂活福利促進會,(02)25993105,大安區,通化街178號電箱旁,,121.553362,25.027363
46,臺北市視障樂活福利促進會,(02)25993105,大安區,辛亥路3段157巷14號對面大樹旁,,121.549439,25.01761
47,臺北市視障樂活福利促進會,(02)25993105,大安區,信義路3段166巷3號對面變電箱旁,,121.541939,25.032775
48,臺北市視障樂活福利促進會,(02)25993105,大安區,建國南路2段25巷口,,121.538118,25.032465
49,臺北市視障樂活福利促進會,(02)25993105,大安區,復興南路2段78巷42弄5號對面電箱旁,,121.541829,25.030624
50,臺北市視障樂活福利促進會,(02)25993105,大安區,瑞安街100號斜對面,,121.543,25.029853
51,臺北市視障樂活福利促進會,(02)25993105,大安區,瑞安街208巷3號前,,121.540538,25.028344
52,臺北市視障樂活福利促進會,(02)25993105,中山區,大直街21巷9號旁,,121.547011,25.08174
53,臺北市視障樂活福利促進會,(02)25993105,中山區,大直街84巷口,,121.547572,25.085031
54,臺北市視障樂活福利促進會,(02)25993105,中山區,北安路805巷2號前,,121.554205,25.085446
55,臺北市視障樂活福利促進會,(02)25993105,內湖區,康寧路3段189巷163弄19號對面公園欄竿旁,,121.611632,25.075535
56,臺北市視障樂活福利促進會,(02)25993105,內湖區,內湖路2段179巷3弄旁公園電箱旁,,121.587504,25.081647
57,臺北市視障樂活福利促進會,(02)25993105,信義區,吳興街156巷22弄25號左邊公園變電箱旁人行道,,121.559863,25.028709
58,臺北市視障樂活福利促進會,(02)25993105,信義區,吳興街156巷2弄12號對面人行道,,121.561221,25.029252
59,臺北市視障樂活福利促進會,(02)25993105,南港區,力行橋頭南側空地對面(研究院路1段101巷8號對面),,121.616794,25.051672
60,臺北市視障樂活福利促進會,(02)25993105,文山區,保儀路109巷跟木新路2段218巷靠近學校圍牆的交叉路口,,121.569045,24.984719
61,臺北市視障樂活福利促進會,(02)25993105,文山區,景華街104巷6號右邊變電箱旁,,121.546287,24.994741
62,臺北市視障樂活福利促進會,(02)25993105,文山區,景華街82巷11號對面變電箱旁,,121.54532,24.994219
63,臺北市視障樂活福利促進會,(02)25993105,文山區,景興路153巷12-3號旁,,121.545217,24.993551
64,臺北市視障樂活福利促進會,(02)25993105,文山區,育英街31巷36弄21號左邊公佈欄旁,,121.537069,24.989985
65,臺北市視障樂活福利促進會,(02)25993105,文山區,萬慶街13巷29號對面公布欄旁,,121.53957,24.99149
66,臺北市視障樂活福利促進會,(02)25993105,文山區,景中街27號旁,,121.543743,24.994472
67,臺北市視障樂活福利促進會,(02)25993105,文山區,景美街5巷23號斜對面,,121.54239,24.992941
68,臺北市視障樂活福利促進會,(02)25993105,文山區,汀州路4段105巷16弄3號對面,,121.537327,25.006209
69,臺北市視障樂活福利促進會,(02)25993105,文山區,羅斯福路5段與公館街口電桿旁,,121.538569,25.004896
70,臺北市視障樂活福利促進會,(02)25993105,文山區,景明街11巷6弄14號對面公園旁,,121.541523,25.000845
71,臺北市視障樂活福利促進會,(02)25993105,文山區,羅斯福路6段39巷1號右邊電桿旁,,121.540688,24.998907
72,臺北市視障樂活福利促進會,(02)25993105,文山區,萬盛街62號對面,,121.540157,25.006644
73,臺北市視障樂活福利促進會,(02)25993105,文山區,興隆路1段70巷9弄口電桿旁,,121.540631,25.002731
74,臺北市視障樂活福利促進會,(02)25993105,文山區,秀明路2段112巷15號對面,,121.575626,24.990136
75,臺北市視障樂活福利促進會,(02)25993105,文山區,木新路2段255號(7-11木新門市)前面,,121.566572,24.98317
76,臺北市視障樂活福利促進會,(02)25993105,文山區,仙岩路45-1號旁邊,,121.548772,24.99954
77,臺北市視障樂活福利促進會,(02)25993105,文山區,興隆路1段137巷口燈桿旁,,121.542221,25.002105
78,臺北市視障樂活福利促進會,(02)25993105,文山區,興隆路1段251巷3弄13號對面,,121.544723,25.000308
79,臺北市視障樂活福利促進會,(02)25993105,文山區,興順街78號對面右邊電信箱旁,,121.54495,25.001246
80,臺北市視障樂活福利促進會,(02)25993105,文山區,萬美街1段23號對面公園空地,,121.56925,25.002426
81,社團法人台北生命勵樂活輔健會,(02)27299347,中正區,杭州南路1段75號前公車站,,121.5635681,25.03751556
82,社團法人台北生命勵樂活輔健會,(02)27299347,中正區,濟南路2段8巷口,,121.525632,25.039852
83,社團法人台北生命勵樂活輔健會,(02)27299347,文山區,木新路2段79巷12弄26號斜對面公園,,121.526961,25.041287
84,社團法人台北生命勵樂活輔健會,(02)27299347,松山區,吉祥路55號對面,,121.570512,24.983669
85,社團法人台北生命勵樂活輔健會,(02)27299347,大安區,建國南路1段291巷30號旁,,121.5626239,25.05047268
87,社團法人台北生命勵樂活輔健會,(02)27299347,士林區,忠誠路2段41巷14號斜對面,,121.535389,25.013557
88,社團法人台北生命勵樂活輔健會,(02)27299347,士林區,中正路655巷口電信箱旁,,121.5310855,25.10998246
89,社團法人台北生命勵樂活輔健會,(02)27299347,內湖區,康寧路1段26巷口,,121.5077993,25.08620557
90,社團法人台北生命勵樂活輔健會,(02)27299347,士林區,重慶北路4段49巷31弄底(福順公園旁),,121.591201,25.080672
91,社團法人台北生命勵樂活輔健會,(02)27299347,信義區,永吉路180巷67弄5號旁(超商前)人行道,,121.512738,25.080526
92,社團法人台北生命勵樂活輔健會,(02)27299347,士林區,承德路4段6巷2號,,121.5719242,25.04374483
93,社團法人台北生命勵樂活輔健會,(02)27299347,信義區,吳興街600巷80號對面公園,,121.52122,25.7921
94,社團法人台北生命勵樂活輔健會,(02)27299347,中正區,金山南路1段47號旁電箱前,,121.5708287,25.01891612
95,社團法人台北生命勵樂活輔健會,(02)27299347,信義區,吳興街600巷25弄口,,121.5289498,25.03943928
96,社團法人台北生命勵樂活輔健會,(02)27299347,信義區,吳興街365巷口,,121.569556,25.021154
97,社團法人台北生命勵樂活輔健會,(02)27299347,信義區,吳興街487巷(22路公車總站)人行道,,121.5673125,25.02594485
98,社團法人台北生命勵樂活輔健會,(02)27299347,信義區,信義路5段150巷401弄36號前,,121.5694132,25.02374991
99,社團法人台北生命勵樂活輔健會,(02)27299347,信義區,莊敬路197巷口公園人行道,,121.5702662,25.02466712
100,社團法人台北生命勵樂活輔健會,(02)27299347,信義區,忠孝東路4段553巷52弄口對面人行道,,121.5618508,25.03095881
101,社團法人台北生命勵樂活輔健會,(02)27299347,信義區,忠孝東路4段559巷14號對面,,121.562745,25.042858
102,社團法人台北生命勵樂活輔健會,(02)27299347,信義區,忠孝東路5段524巷1弄30號對角人行道,,121.5637656,25.04230739
103,社團法人台北生命勵樂活輔健會,(02)27299347,信義區,信安街13號對面,,121.5806607,25.04183349
104,社團法人台北生命勵樂活輔健會,(02)27299347,信義區,嘉興街175巷口,,121.5593007,25.03724161
105,社團法人台北生命勵樂活輔健會,(02)27299347,信義區,福德街268巷7弄口電線桿旁,,121.5567108,25.02798217
106,社團法人台北生命勵樂活輔健會,(02)27299347,信義區,福德街189號前公園人行道,,121.5848471,25.03972818
107,社團法人台北生命勵樂活輔健會,(02)27299347,信義區,松信路60號旁與松隆路口人行道,,121.5841459,25.03832201
108,社團法人台北生命勵樂活輔健會,(02)27299347,信義區,祥雲街與景雲街口,,121.5719791,25.04662388
109,社團法人台北生命勵樂活輔健會,(02)27299347,信義區,松仁路281巷88號對面,,121.573586,25.019473
110,社團法人台北生命勵樂活輔健會,(02)27299347,士林區,華齡街166號對面公園內,,121.5699829,25.02387423
111,社團法人台北生命勵樂活輔健會,(02)27299347,松山區,市民大道5段與八德路4段204巷口,,121.51958,25.086752
112,社團法人台北生命勵樂活輔健會,(02)27299347,松山區,八德路4段72巷口,,121.5641176,25.04861428
113,社團法人台北生命勵樂活輔健會,(02)27299347,松山區,光復北路26巷3號對面,,121.560202,25.04743
114,社團法人台北生命勵樂活輔健會,(02)27299347,中正區,金山南路與泰安街3巷口,,121.557355,25.04935734
115,社團法人台北生命勵樂活輔健會,(02)27299347,士林區,士商路15號對面,,121.5280919,25.04026937
116,社團法人台北生命勵樂活輔健會,(02)27299347,士林區,士商路151號對面,,121.520588,25.09022
117,社團法人台北生命勵樂活輔健會,(02)27299347,信義區,忠孝東路5段492巷斜對面松光綠地,,121.517225,25.094101
118,社團法人台北生命勵樂活輔健會,(02)27299347,信義區,松山路465巷33號邊,,121.57837,25.03973
119,社團法人台北生命勵樂活輔健會,(02)27299347,大安區,敦化南路2段63巷21弄24號斜對面,,121.579848,25.040378
120,社團法人台北生命勵樂活輔健會,(02)27299347,大安區,安和路2段44巷9號斜對面,,121.550157,25.031716
121,台北市康復之友協會,(02)27652810,士林區,士東路120巷20弄15號斜對面,,121.5518,25.031353
122,台北市康復之友協會,(02)27652810,士林區,忠誠路1段40號,,121.5265405,25.10475042
123,台北市康復之友協會,(02)27652810,士林區,葫東街26號旁,,121.5110272,25.08364317
124,台北市康復之友協會,(02)27652810,士林區,重慶北路4段49巷18-1號旁,,121.5122505,25.08114099
125,台北市康復之友協會,(02)27652810,南港區,玉成街190巷口的玉成公園,,121.5850052,25.04370882
126,台北市康復之友協會,(02)27652810,南港區,忠孝東路6段250巷16號對面的聯成公園旁,,121.5884213,25.04838253
127,台北市康復之友協會,(02)27652810,南港區,福德街309巷口(251巷7弄40號對面),,121.5880759,25.03833786
128,台北市康復之友協會,(02)27652810,南港區,成福路178巷口的玉成公園,,121.5874002,25.04189586
129,台北市康復之友協會,(02)27652810,南港區,東新街77巷4弄2號對面人行道,,121.5883151,25.04730885
130,台北市康復之友協會,(02)27652810,中正區,羅斯福路3段84巷口,,121.5264371,25.02193767
131,台北市康復之友協會,(02)27652810,中正區,中華路2段與南海路口,,121.5074181,25.02702997
132,台北市康復之友協會,(02)27652810,中正區,重慶南路2段43號天橋樓梯下方,,121.5149578,25.03187591
133,台北市康復之友協會,(02)27652810,中正區,寧波西街181巷與紹安街口的永昌公園,,121.5095034,25.02627049
134,台北市康復之友協會,(02)27652810,中正區,新生南路1段146巷口的連雲公園,,121.5315258,25.03505251
135,台北市康復之友協會,(02)27652810,中正區,臨沂街75巷8號對面的信愛公園,,121.5288158,25.03486956
136,台北市康復之友協會,(02)27652810,萬華區,大理街156巷口,,121.4950186,25.03403174
137,台北市康復之友協會,(02)27652810,萬華區,艋舺大道西園路2段140巷口,,121.4947987,25.03154358
138,台北市康復之友協會,(02)27652810,萬華區,西園路2段320巷55弄與寶興街口,,121.4917957,25.02848881
139,台北市康復之友協會,(02)27652810,松山區,撫遠街400巷96號對面,,121.5654395,25.06609547
140,台北市康復之友協會,(02)27652810,萬華區,和平西路3段309巷9號對面,,121.4933535,25.03601065
142,台北市康復之友協會,(02)27652810,大同區,涼州街與延平北路2段路口(平樂天橋下),,121.5113996,25.06104461
143,台北市康復之友協會,(02)27652810,大同區,承德路2段109巷36號旁,,121.519373,25.05667935
144,台北市康復之友協會,(02)27652810,大同區,赤峰街與南京西路口,,121.5190279,25.05310196
145,台北市康復之友協會,(02)27652810,信義區,林口街210號對面春光公園人行道,,121.5808427,25.04150928
146,台北市康復之友協會,(02)27652810,松山區,寶清街77號對面寶清公園旁的人行道,,121.5681948,25.0523086
148,台北市康復之友協會,(02)27652810,松山區,撫遠街380巷16號對面公佈欄旁,,121.5647029,25.06437078
149,台北市康復之友協會,(02)27652810,松山區,撫遠街389巷27號對面的撫遠公園,,121.5668943,25.06508967
150,台北市康復之友協會,(02)27652810,松山區,八德路4段389巷口,,121.5686541,25.04938903
151,台北市康復之友協會,(02)27652810,大安區,敦化南路2段63巷33號變電箱旁,,121.5507023,25.0309315
152,台北市康復之友協會,(02)27652810,大安區,和平東路3段1巷25號對面的群賢公園,,121.5470118,25.02587673
153,台北市康復之友協會,(02)27652810,大安區,復興南路2段151巷30弄口,,121.5452872,25.02820492
154,台北市康復之友協會,(02)27652810,內湖區,成功路4段61巷9弄口,,121.5922532,25.08114854
155,台北市康復之友協會,(02)27652810,內湖區,文德路66巷36弄1號旁,,121.5821391,25.07615058
156,台北市康復之友協會,(02)27652810,文山區,木柵路4段6號對面變電箱旁,,121.5720315,24.99552551
157,台北市康復之友協會,(02)27652810,文山區,木柵路1段89巷底試院公園旁,,121.5471139,24.98803888
158,台北市康復之友協會,(02)27652810,文山區,景福街251巷2號對面,,121.539701,24.99385371
159,台北市康復之友協會,(02)27652810,文山區,興隆路2段203巷14號對面,,121.5487312,25.00184994
160,台北市康復之友協會,(02)27652810,文山區,仙岩路22巷2號對面,,121.5487716,24.99888371
161,台北市盲人福利協進會,(02)25585000,士林區,士東路47號旁(忠義幼稚園),,121.52772,25.11201
162,台北市盲人福利協進會,(02)25585000,萬華區,西園路2段320巷36弄14-1號前,,121.49113,25.02711
163,台北市盲人福利協進會,(02)25585000,大安區,和平東路3段與嘉興街口,,121.55392,25.022298
164,台北市盲人福利協進會,(02)25585000,松山區,八德路2段346巷5弄25號正面對公園花圃內,,121.545561,25.04704
165,台北市盲人福利協進會,(02)25585000,中正區,博愛路216號旁(廣州街2號街前),,121.51051,25.03448
166,台北市盲人福利協進會,(02)25585000,內湖區,內湖路1段629巷40弄2號對面,,121.575002,25.081707
167,台北市盲人福利協進會,(02)25585000,內湖區,港華街31號對面,,121.576417,25.082594
168,台北市盲人福利協進會,(02)25585000,內湖區,內湖路2段81號對面空地,,121.5826942,25.0799504
169,台北市盲人福利協進會,(02)25585000,內湖區,內湖路1段47巷口臨文湖街11巷,,121.559395,25.085915
170,台北市盲人福利協進會,(02)25585000,內湖區,文湖街21巷口停車場對面,,121.560625,25.086416
171,台北市盲人福利協進會,(02)25585000,內湖區,文德路210巷30弄1號附近,,121.583747,25.077169
172,台北市盲人福利協進會,(02)25585000,文山區,汀州路4段146號對面公園邊,,121.535846,25.004913
173,台北市盲人福利協進會,(02)25585000,萬華區,環河南路2段250巷25弄22號旁,,121.48985,25.03368
174,台北市盲人福利協進會,(02)25585000,文山區,羅斯福路5段218巷口內電線桿後,,121.536754,25.002135
175,台北市盲人福利協進會,(02)25585000,文山區,羅斯福路5段176巷40號,,121.5366105,25.0043167
176,台北市盲人福利協進會,(02)25585000,松山區,民生東路5段27巷6號對面,,121.556685,25.059536
177,台北市盲人福利協進會,(02)25585000,松山區,光復北路165巷口(公園側),,121.557129,25.057292
178,台北市盲人福利協進會,(02)25585000,信義區,莊敬路423巷底空地人行道,,121.567065,25.028619
179,台北市盲人福利協進會,(02)25585000,南港區,三重路32巷口,,121.614029,25.056162
180,台北市盲人福利協進會,(02)25585000,南港區,昆陽街140巷42弄18號對面,,121.592922,25.048998
181,台北市盲人福利協進會,(02)25585000,南港區,東新街108巷10號對面,,121.587902,25.045818
182,台北市盲人福利協進會,(02)25585000,萬華區,青年路152巷57號旁,,121.501005,25.019831
183,台北市盲人福利協進會,(02)25585000,萬華區,環河南路2段100巷柳鄉公園,,121.495297,25.037298
184,台北市盲人福利協進會,(02)25585000,萬華區,民和街18號對面,,121.49983,25.0262
185,台北市盲人福利協進會,(02)25585000,萬華區,青年路68巷口,,121.50263,25.02354
186,台北市盲人福利協進會,(02)25585000,大安區,臥龍街131巷13弄1號,,121.55157,25.01944
187,台北市盲人福利協進會,(02)25585000,大安區,仁愛路3段123巷9弄口公告欄旁,,121.542032,25.039118
188,台北市盲人福利協進會,(02)25585000,士林區,中正路213巷口（鄰近永和豆漿店）側邊牆面,,121.5265204,25.09536454
189,台北市盲人福利協進會,(02)25585000,大安區,忠孝東路3段248巷13弄頭,,121.541553,25.040664
190,台北市盲人福利協進會,(02)25585000,萬華區,環河南路2段250巷15號邊,,121.490971,25.033575
191,台北市盲人福利協進會,(02)25585000,萬華區,環河南路2段278號對面,,121.491467,25.032318
192,台北市盲人福利協進會,(02)25585000,文山區,木新路2段161巷12弄10號對面電桿旁,,121.56874,24.98318
193,台北市盲人福利協進會,(02)25585000,萬華區,萬大路322巷55弄1號對面,,121.51879,25.06942
195,台北市盲人福利協進會,(02)25585000,大同區,承德路3段191巷口,,121.51937,25.30744
196,台北市盲人福利協進會,(02)25585000,大同區,承德路3段292號旁邊,,121.5194166,25.07406158
197,台北市盲人福利協進會,(02)25585000,士林區,中正路235巷57號對面,,121.5264341,25.09392918
198,台北市盲人福利協進會,(02)25585000,士林區,中山北路5段505巷口,,121.5276477,25.09356275
199,台北市盲人福利協進會,(02)25585000,大同區,重慶北路3段243巷8號,,121.5143952,25.07121489
200,台北市盲人福利協進會,(02)25585000,大同區,承德路3段301巷對面,,121.520501,25.075824
201,台北市視障生活品質福利促進會,(02)25587370,文山區,忠順街1段41巷口,,24.9843621,121.5586287
202,台北市視障生活品質福利促進會,(02)25587370,南港區,成福路83號對面,,25.04356978,121.5869312
203,台北市視障生活品質福利促進會,(02)25587370,士林區,前港街38號對面公園內,,25.08524287,121.5212914
204,台北市視障生活品質福利促進會,(02)25587370,文山區,指南路3段53號對面電箱旁,,24.98368575,121.5797024
205,台北市視障生活品質福利促進會,(02)25587370,文山區,木柵路3段郵局對面48巷郵局對面,,24.98831213,121.5653523
206,台北市視障生活品質福利促進會,(02)25587370,北投區,知行路210巷40號對面大樹旁,,25.11956939,121.4684582
207,台北市視障生活品質福利促進會,(02)25587370,士林區,社子街尾與延平北路6段口,,25.08927233,121.5048443
208,台北市視障生活品質福利促進會,(02)25587370,士林區,迪化街2段348號旁,,25.07264312,121.5126231
209,台北市視障生活品質福利促進會,(02)25587370,士林區,前港街88號對面公園旁,,25.08541104,121.5194408
210,台北市視障生活品質福利促進會,(02)25587370,士林區,德行東路74巷口電信箱旁,,25.10716998,121.5273669
211,台北市視障生活品質福利促進會,(02)25587370,大同區,民族西路277號對面,,25.06953411,121.510606
212,台北市視障生活品質福利促進會,(02)25587370,大同區,南京西路18巷6弄口,,25.10925894,121.5325753
213,台北市視障生活品質福利促進會,(02)25587370,士林區,葫蘆街110號對面電箱旁,,25.08262533,121.5078626
214,台北市視障生活品質福利促進會,(02)25587370,士林區,葫蘆街140對面電杆旁,,25.08385573,121.5084715
215,台北市視障生活品質福利促進會,(02)25587370,大同區,延平北路3段61-5號旁(7-11),,25.08762124,121.506937
216,台北市視障生活品質福利促進會,(02)25587370,南港區,研究院路2段78號業面公車站牌旁,,25.04549181,121.6153948
217,台北市視障生活品質福利促進會,(02)25587370,士林區,社子街124號對面,,25.08805386,121.505337
218,台北市視障生活品質福利促進會,(02)25587370,大同區,南京西路64巷14-4號,,25.09181415,121.5050491
219,台北市視障生活品質福利促進會,(02)25587370,士林區,雨聲街65巷口對面活動中心前,,25.10348671,121.5286509
220,台北市視障生活品質福利促進會,(02)25587370,內湖區,民權東路6段163巷電信箱旁,,25.06858837,121.5958013
221,台北市視障生活品質福利促進會,(02)25587370,士林區,磺溪街94巷右邊電線桿旁,,25.1088053,121.5234364
222,台北市視障生活品質福利促進會,(02)25587370,大同區,延平北路3段40號(萊爾富)旁,,25.06462621,121.5109727
223,台北市視障生活品質福利促進會,(02)25587370,大同區,伊寧街39號對面電箱旁,,25.06462221,121.5121578
224,台北市視障生活品質福利促進會,(02)25587370,大同區,南京西路167巷24號旁,,25.05597142,121.5125069
225,台北市視障生活品質福利促進會,(02)25587370,大同區,承街路1段41巷口,,25.05128836,121.5172826
226,台北市視障生活品質福利促進會,(02)25587370,大同區,南京西路344巷8-9號旁,,25.05322413,121.5121442
227,台北市視障生活品質福利促進會,(02)25587370,中正區,同安街18號對面,,25.02523056,121.522386
228,台北市視障生活品質福利促進會,(02)25587370,大安區,師大路71號前,,25.0237102,121.528592
229,台北市視障生活品質福利促進會,(02)25587370,大安區,泰順街40巷8號斜對面反光鏡右方,,25.02415593,121.5310718
230,台北市視障生活品質福利促進會,(02)25587370,士林區,福華街164巷16號旁,,25.10434366,121.5226085
231,台北市視障生活品質福利促進會,(02)25587370,士林區,福國路15巷口,,25.10191679,121.5247546
232,台北市視障生活品質福利促進會,(02)25587370,士林區,福國路56巷12-2號旁,,25.10311651,121.5234349
233,台北市視障生活品質福利促進會,(02)25587370,中山區,長春路71巷口右側,,25.05504304,121.526685
234,台北市視障生活品質福利促進會,(02)25587370,中山區,中山北路2段65巷13號旁,,25.05722593,121.5240284
235,台北市視障生活品質福利促進會,(02)25587370,中山區,新生北路2段68巷口,,25.05663667,121.5264063
236,台北市心理復健家屬聯合協會,(02)23660399,中山區,松江路170巷9號與長春路137巷12號對面公園（電氣設備旁）,,121.531932,25.056062
237,台北市心理復健家屬聯合協會,(02)23660399,中山區,吉林路22巷23號轉角處,,121.528852,25.051038
238,台北市心理復健家屬聯合協會,(02)23660399,松山區,民生東路5段163之1號銀行前方(行道樹旁),,121.563139,25.059374
239,台北市心理復健家屬聯合協會,(02)23660399,中山區,松江路38巷(長安東路2段36巷15號右側巷口),,121.531432,25.047575
240,台北市心理復健家屬聯合協會,(02)23660399,中山區,吉林路與松江路90號交叉口人行道(靠近行道樹旁),,121.530182,25.050491
241,台北市心理復健家屬聯合協會,(02)23660399,大同區,民族西路303巷55號對面,,121.510522,25.07017
242,台北市心理復健家屬聯合協會,(02)23660399,中山區,北安路588巷34號對面,,121.550851,25.081115
243,台北市心理復健家屬聯合協會,(02)23660399,中山區,新生北路3段56巷1號（里公布欄旁）,,121.527476,25.065407
244,台北市心理復健家屬聯合協會,(02)23660399,松山區,富錦街與光復北路口（行道樹旁）,,121.554904,25.060464
245,台北市心理復健家屬聯合協會,(02)23660399,中山區,北安路630巷口(麥當勞後第二根電線桿旁),,121.549298,25.082802
246,台北市心理復健家屬聯合協會,(02)23660399,松山區,民生東路5段177巷口(行道樹旁),,121.565206,25.059137
247,台北市心理復健家屬聯合協會,(02)23660399,大安區,泰順街與溫州街18巷15-1號對面（公布欄旁）,,121.531608,25.024821
248,台北市心理復健家屬聯合協會,(02)23660399,中山區,吉林路123巷口,,121.530248,25.057259
249,台北市心理復健家屬聯合協會,(02)23660399,大安區,和平東路1段與龍泉街口（燈桿旁）,,121.529225,25.026449
250,台北市心理復健家屬聯合協會,(02)23660399,中山區,松江路124巷與吉林路47號巷口,,121.530271,25.052588
251,台北市心理復健家屬聯合協會,(02)23660399,松山區,寶清街123號旁(電氣設備旁),,121.567484,25.054225
252,台北市心理復健家屬聯合協會,(02)23660399,松山區,新東街38號旁公園（行道樹與電氣設備中間）,,121.565612,25.060654
253,台北市心理復健家屬聯合協會,(02)23660399,中山區,龍江路61號對面（號誌控制器旁）,,121.540339,25.050191
254,台北市心理復健家屬聯合協會,(02)23660399,中山區,民權東路3段60巷11號對面(圍牆邊),,121.542311,25.060729
255,台北市心理復健家屬聯合協會,(02)23660399,中山區,長春路163巷口（圍牆邊）,,121.533693,25.054845
256,台北市心理復健家屬聯合協會,(02)23660399,松山區,延壽街330巷13號對面,,121.560354,25.054867
257,台北市心理復健家屬聯合協會,(02)23660399,松山區,東興路15巷口(便利商店旁),,121.565681,25.049381
258,台北市心理復健家屬聯合協會,(02)23660399,中山區,遼寧街62巷口,,121.542049,25.050681
259,台北市心理復健家屬聯合協會,(02)23660399,松山區,新東街51巷與三民路交叉口(行道樹旁),,121.563275,25.061618
260,台北市心理復健家屬聯合協會,(02)23660399,中山區,中原街110號對面,,121.528981,25.060763
261,台北市心理復健家屬聯合協會,(02)23660399,中山區,明水路606巷口（行道樹旁）,,121.551462,25.082108
262,台北市心理復健家屬聯合協會,(02)23660399,松山區,光復北路155巷口,,121.555943,25.055424
263,台北市心理復健家屬聯合協會,(02)23660399,中山區,吉林路108巷6號對面(圍牆邊),,121.529434,25.053413
264,台北市心理復健家屬聯合協會,(02)23660399,中山區,吉林路132號對面（電器設備旁）,,121.530105,25.055331
265,台北市心理復健家屬聯合協會,(02)23660399,信義區,福德街137巷8弄(龍門社區圍牆邊),,121.582763,25.037023
266,台北市心理復健家屬聯合協會,(02)23660399,北投區,大業路695號,,121.5001431,25.13712478
267,台北市心理復健家屬聯合協會,(02)23660399,北投區,溫泉路73巷5號斜對面燈桿旁,,121.5064164,25.13577993
268,台北市心理復健家屬聯合協會,(02)23660399,中山區,長春路與一江街交叉口(電信設備旁),,121.5314788,25.05474108
269,台北市心理復健家屬聯合協會,(02)23660399,中山區,明水路與樂群二路交叉口(公車站牌旁),,121.552514,25.080103
270,台北市心理復健家屬聯合協會,(02)23660399,松山區,撫遠街261巷底與塔悠路交叉口,,121.568259,25.062132
271,台北市私立彩虹村家園,(02)28914110,士林區,德行東路132巷7弄3號底與忠誠路1段交叉口,,121.52967,25.10701
272,台北市私立彩虹村家園,(02)28914110,松山區,寧安街12號對面停車場旁,,121.55476,25.05027
273,台北市私立彩虹村家園,(02)28914110,松山區,八德路3段158巷49號轉角,,121.55538,25.04592
274,台北市私立彩虹村家園,(02)28914110,士林區,德行東路240巷7號對面電線桿中間,,121.53383,25.10907
275,台北市私立彩虹村家園,(02)28914110,士林區,忠誠路1段173巷口,,121.5313,25.1081
276,台北市私立彩虹村家園,(02)28914110,萬華區,萬大路423巷43號旁,,121.50041,25.02138
277,台北市私立彩虹村家園,(02)28914110,士林區,德行東路256號對面公告欄旁,,121.53452,25.10965
278,台北市私立彩虹村家園,(02)28914110,士林區,天母西路3之65號前,,121.52982,25.11901
279,台北市私立彩虹村家園,(02)28914110,北投區,復興四路與開明街口,,121.50027,25.1422
280,台北市私立彩虹村家園,(02)28914110,北投區,長壽路與珠海路口,,121.50591,25.14204
281,台北市私立彩虹村家園,(02)28914110,萬華區,德昌街154巷口,,121.49608,25.02401
282,台北市私立彩虹村家園,(02)28914110,萬華區,東園街66巷與寶興街口,,121.49503,25.02489
283,台北市私立彩虹村家園,(02)28914110,萬華區,東園街22號旁,,121.49575,25.02732
284,台北市私立彩虹村家園,(02)28914110,士林區,忠誠路2段21巷45弄7號對面,,121.53286,25.11042
285,台北市私立彩虹村家園,(02)28914110,士林區,延平北路5段285巷53號對面,,121.50743,25.08502
286,台北市私立彩虹村家園,(02)28914110,士林區,忠誠路2段24號旁人行道上,,121.53032,25.10931
287,台北市私立彩虹村家園,(02)28914110,中正區,羅斯福路4段52巷16弄口,,121.53363,25.01454
288,台北市私立彩虹村家園,(02)28914110,中正區,汀州路3段164號對面,,121.53463,25.01345
289,台北市私立彩虹村家園,(02)28914110,信義區,松德路200巷松德公園與停車場旁,,121.57339,25.03467
290,台北市私立彩虹村家園,(02)28914110,信義區,信義路6段15巷與松德路133巷口(安強公園內凸透鏡旁),,121.57524,25.03694
291,台北市私立彩虹村家園,(02)28914110,士林區,天玉街16巷1號旁,,121.52822,25.12079
292,台北市私立彩虹村家園,(02)28914110,大同區,民權西路133巷口,,121.51709,25.06312
293,台北市私立彩虹村家園,(02)28914110,松山區,民生東路5段184之2號前,,121.56373,25.0586
294,台北市私立彩虹村家園,(02)28914110,松山區,延壽街376號對面,,121.55806,25.05648
295,台北市私立彩虹村家園,(02)28914110,松山區,新中街4巷21號旁,,121.56164,25.05783
296,台北市私立彩虹村家園,(02)28914110,文山區,羅斯福路5段53巷5號,,121.53944,25.00663
297,台北市私立彩虹村家園,(02)28914110,文山區,興隆路2段123巷14號對面公園,,121.54727,25.0006
298,台北市私立彩虹村家園,(02)28914110,文山區,福興路82巷90號斜對面,,121.54965,25.00544
299,台北市私立彩虹村家園,(02)28914110,士林區,士東路266巷6弄1-1號旁,,121.53649,25.11235
300,台北市私立彩虹村家園,(02)28914110,士林區,德行東路109巷63弄10號旁,,121.52777,25.10962
301,台北市私立彩虹村家園,(02)28914110,北投區,致遠三路47號,,121.511768,25.120574
302,台北市私立彩虹村家園,(02)28914110,文山區,木新路2段156號前,,121.5688695,24.9841914
303,台北市私立彩虹村家園,(02)28914110,內湖區,金龍路211號對面,,121.5873629,25.0879999
304,台北市私立彩虹村家園,(02)28914110,文山區,光輝?40號,,121.5548648,24.98575838
305,台北市私立彩虹村家園,(02)28914110,萬華區,萬大路424巷3弄1號旁,,121.4977708,25.02120067
306,臺北市唐氏症家長協會,(02)22782321,士林區,小北街23號對面,,121.5260381,25.090773
307,臺北市唐氏症家長協會,(02)22782321,士林區,大西路86號對面,,121.5249013,25.09196509
308,臺北市唐氏症家長協會,(02)22782321,士林區,大南路285巷7號對面(公園旁),,121.5189526,25.08854527
309,臺北市唐氏症家長協會,(02)22782321,士林區,福志路2號電箱旁,,121.532146,25.098404
310,臺北市唐氏症家長協會,(02)22782321,士林區,中山北路5段698巷37號旁,,121.5288081,25.09776352
311,臺北市唐氏症家長協會,(02)22782321,士林區,德行西路30號前,,121.5233876,25.10572253
312,臺北市唐氏症家長協會,(02)22782321,大同區,南京西路25巷與赤峰街17巷口,,121.5202792,25.05366644
313,臺北市唐氏症家長協會,(02)22782321,大同區,承德路2段91巷口,,121.518435,25.056317
314,臺北市唐氏症家長協會,(02)22782321,大同區,民權西路244號前方郵筒旁,,121.5127398,25.06282638
315,臺北市唐氏症家長協會,(02)22782321,大同區,昌吉街95巷口（昌吉街端）,,121.5131372,25.0661159
316,臺北市唐氏症家長協會,(02)22782321,大同區,延平北路3段113巷20號對面,,121.511869,25.06830153
317,臺北市唐氏症家長協會,(02)22782321,大同區,重慶北路3段236巷4號對面,,121.5130763,25.07055854
318,臺北市唐氏症家長協會,(02)22782321,大同區,重慶北路3段113巷28號,,121.5150413,25.06729927
319,臺北市唐氏症家長協會,(02)22782321,大同區,民族西路76巷1弄口,,121.5180547,25.06844676
320,臺北市唐氏症家長協會,(02)22782321,大同區,承德路2段167號前,,121.5183302,25.05824642
321,臺北市唐氏症家長協會,(02)22782321,中山區,長安東路1段77巷4弄4之1號對面,,121.52815,25.04866329
322,臺北市唐氏症家長協會,(02)22782321,中山區,林森北路85巷52號對面,,121.5266651,25.04949192
323,臺北市唐氏症家長協會,(02)22782321,中山區,松江路469巷43號前,,121.5352702,25.06581009
324,臺北市唐氏症家長協會,(02)22782321,中山區,雙城街18巷口,,121.5242221,25.06544394
325,臺北市唐氏症家長協會,(02)22782321,中山區,民生東路2段147巷與建國北路2段116巷口,,121.5348173,25.05912351
326,臺北市唐氏症家長協會,(02)22782321,中山區,民權東路2段152巷口,,121.5346866,25.06230921
327,臺北市唐氏症家長協會,(02)22782321,中山區,錦州街298號對面,,121.5359561,25.06031003
328,臺北市唐氏症家長協會,(02)22782321,中山區,松江路235巷口,,121.5333784,25.05889051
329,臺北市唐氏症家長協會,(02)22782321,大安區,光復南路290巷25號旁,,121.55635,25.03943
330,臺北市唐氏症家長協會,(02)22782321,大安區,仁愛路3段24巷1弄口和仁愛路3段24巷口,,121.5356168,25.03718346
331,臺北市唐氏症家長協會,(02)22782321,松山區,八德路2段451巷口,,121.5474989,25.0493188
332,臺北市唐氏症家長協會,(02)22782321,松山區,光復南路32巷與八德路3段158巷口,,121.5553138,25.04641498
333,臺北市唐氏症家長協會,(02)22782321,信義區,仁愛路4段512巷16號之1對面（廟後方）,,121.560684,25.036448
334,臺北市唐氏症家長協會,(02)22782321,南港區,中坡南路72號對面,,121.585053,25.041811
335,臺北市唐氏症家長協會,(02)22782321,萬華區,萬大路277巷33弄口,,121.5017857,25.0255549
341,財團法人台北市樹仁社會福利基金會,(02)28936122,士林區,士東路266巷20弄12號對面,,121.53598,25.11123
342,財團法人台北市樹仁社會福利基金會,(02)28936122,內湖區,成功路2段320巷60號對面電箱旁,,121.58782,25.06774
343,財團法人台北市樹仁社會福利基金會,(02)28936122,北投區,公館路228巷口,,121.50786,25.12645
344,財團法人台北市樹仁社會福利基金會,(02)28936122,士林區,天母東路8巷19弄對面,,121.53173,25.11748
345,財團法人台北市樹仁社會福利基金會,(02)28936122,士林區,德行東路331巷對面角,,121.538,25.11349
346,財團法人台北市樹仁社會福利基金會,(02)28936122,士林區,德行東路378巷口,,121.53981,25.1106
347,財團法人台北市樹仁社會福利基金會,(02)28936122,北投區,東華街2段266號旁,,121.50813,25.12077
348,財團法人台北市樹仁社會福利基金會,(02)28936122,北投區,吉利街280巷27弄23號旁,,121.51114,25.11743
349,財團法人台北市樹仁社會福利基金會,(02)28936122,士林區,社中街141號,,121.5096,25.09055
350,財團法人台北市樹仁社會福利基金會,(02)28936122,北投區,公館路211號旁,,121.5077,25.1276
351,財團法人台北市樹仁社會福利基金會,(02)28936122,北投區,石牌路1段39巷131弄2號對面,,121.50991,25.11779
352,財團法人台北市樹仁社會福利基金會,(02)28936122,士林區,後街12號旁,,121.52465,25.09807
353,財團法人台北市樹仁社會福利基金會,(02)28936122,南港區,舊莊街1段199巷11弄2號對面,,121.62258,25.03973
354,財團法人台北市樹仁社會福利基金會,(02)28936122,松山區,八德路4段245巷32弄2號,,121.56441,25.05006
355,財團法人台北市樹仁社會福利基金會,(02)28936122,內湖區,星雲街31號旁,,121.59135,25.07867
356,財團法人台北市樹仁社會福利基金會,(02)28936122,內湖區,內湖路3段60巷8弄28號旁,,121.59155,25.08796
357,財團法人台北市樹仁社會福利基金會,(02)28936122,北投區,致遠二路86號旁（電箱旁）,,121.51229,25.11676
358,財團法人台北市樹仁社會福利基金會,(02)28936122,士林區,福志路50號對面,,121.53039,25.09893
359,財團法人台北市樹仁社會福利基金會,(02)28936122,士林區,福志路101號旁,,121.52863,25.09855
360,財團法人台北市樹仁社會福利基金會,(02)28936122,北投區,中和街347號對面,,121.49935,25.14148
361,財團法人台北市樹仁社會福利基金會,(02)28936122,中正區,同安街48號左前方,,121.5216,25.0241
362,財團法人台北市樹仁社會福利基金會,(02)28936122,中正區,杭州南路1段101巷27號對面,,121.52719,25.03744
363,財團法人台北市樹仁社會福利基金會,(02)28936122,松山區,民生東路5段56號前（電箱旁）,,121.55806,25.05838
364,財團法人台北市樹仁社會福利基金會,(02)28936122,士林區,德行東路203巷4號對面,,121.53263,25.10929
365,財團法人台北市樹仁社會福利基金會,(02)28936122,文山區,木新路3段74巷8弄1號,,121.56337,24.98293
366,財團法人台北市樹仁社會福利基金會,(02)28936122,內湖區,內湖路3段365號對面,,121.58351,25.08973
367,財團法人台北市樹仁社會福利基金會,(02)28936122,士林區,延平北路6段258巷16號對面,,121.50374,25.08997
368,財團法人台北市樹仁社會福利基金會,(02)28936122,中正區,中華路2段77號前,,121.50588,25.03427
369,財團法人台北市樹仁社會福利基金會,(02)28936122,中正區,中華路2段75巷9號對面杭園內,,121.5064234,25.03389136
370,財團法人台北市樹仁社會福利基金會,(02)28936122,士林區,天母東?70號前,,121.5349847,25.1179798
372,財團法人台北市樹仁社會福利基金會,(02)28936122,大安區,安和路2段57號,,121.5525606,25.03105906
373,財團法人台北市樹仁社會福利基金會,(02)28936122,中正區,汀州路2段263號,,121.5236815,25.0225756
374,財團法人台北市樹仁社會福利基金會,(02)28936122,萬華區,萬大路618巷35號旁,,121.494843,25.01768212
375,財團法人台北市樹仁社會福利基金會,(02)28936122,萬華區,萬大路486巷35號旁,,121.4963815,25.02019792
376,財團法人伊甸社會福利基金會附設臺北市私立八德服務中心,(02)25777636,松山區,新中街2巷口,,121.561293,25.058802
377,財團法人伊甸社會福利基金會附設臺北市私立八德服務中心,(02)25777636,松山區,光復北路60巷19號對面,,121.556409,25.049812
378,財團法人伊甸社會福利基金會附設臺北市私立八德服務中心,(02)25777636,松山區,市民大道4段257號旁,,121.554848,25.24476
379,財團法人伊甸社會福利基金會附設臺北市私立八德服務中心,(02)25777636,松山區,八德路3段106巷與延吉街5巷口,,121.554244,25.046313
380,財團法人伊甸社會福利基金會附設臺北市私立八德服務中心,(02)25777636,松山區,八德路3段106巷60號正對面(公園旁),,121.55411,25.046221
381,財團法人伊甸社會福利基金會附設臺北市私立八德服務中心,(02)25777636,內湖區,五分街41號對面,,121.613697,25.067535
382,財團法人伊甸社會福利基金會附設臺北市私立八德服務中心,(02)25777636,士林區,磺溪街55巷19號斜對面電線桿旁,,121.522034,25.107453
383,財團法人伊甸社會福利基金會附設臺北市私立八德服務中心,(02)25777636,士林區,大南路通河東街1段交會處,,121.515591,25.089402
384,財團法人伊甸社會福利基金會附設臺北市私立八德服務中心,(02)25777636,士林區,福港街205號百齡國小,,121.518794,25.085815
385,財團法人伊甸社會福利基金會附設臺北市私立八德服務中心,(02)25777636,士林區,忠誠路2段118巷11弄口,,121.530802,25.113673
386,財團法人伊甸社會福利基金會附設臺北市私立八德服務中心,(02)25777636,士林區,社中街39號對面,,121.510337,25.088184
387,財團法人伊甸社會福利基金會附設臺北市私立八德服務中心,(02)25777636,北投區,泉源路25號旁,,121.506009,25.139554
388,財團法人伊甸社會福利基金會附設臺北市私立八德服務中心,(02)25777636,內湖區,成功路4段234號旁空地對面,,121.596736,25.084555
389,財團法人伊甸社會福利基金會附設臺北市私立八德服務中心,(02)25777636,內湖區,內湖路1段411巷62弄斜對面,,121.571533,25.083492
390,財團法人伊甸社會福利基金會附設臺北市私立八德服務中心,(02)25777636,南港區,南深路21巷口旁人行道底,,121.621451,25.037988
391,財團法人伊甸社會福利基金會附設臺北市私立八德服務中心,(02)25777636,士林區,天母東路43巷4弄口,,121.533381,25.118518
392,財團法人伊甸社會福利基金會附設臺北市私立八德服務中心,(02)25777636,士林區,中山北路7段14巷(抽水站面電話亭旁),,121.533312,25.119851
393,財團法人伊甸社會福利基金會附設臺北市私立八德服務中心,(02)25777636,士林區,芝玉路2段88巷2號斜對面,,121.533362,25.112505
394,財團法人伊甸社會福利基金會附設臺北市私立八德服務中心,(02)25777636,士林區,至誠路1段62巷12號對面變電箱旁,,121.536461,25.101634
395,財團法人伊甸社會福利基金會附設臺北市私立八德服務中心,(02)25777636,士林區,忠誠路1段100巷口（電燈桿旁）,,121.528149,25.10564
396,財團法人伊甸社會福利基金會附設臺北市私立八德服務中心,(02)25777636,南港區,重陽路187巷7號斜對面電箱旁,,121.598478,25.057589
397,財團法人伊甸社會福利基金會附設臺北市私立八德服務中心,(02)25777636,南港區,南港路2段178巷電箱旁,,121.5991566,25.05516306
398,財團法人伊甸社會福利基金會附設臺北市私立八德服務中心,(02)25777636,松山區,民生東路3段113巷25弄13號正對面公園,,121.546554,25.059776
399,財團法人伊甸社會福利基金會附設臺北市私立八德服務中心,(02)25777636,內湖區,民權東路6段296巷66-3號對面105號對面,,121.608765,25.070397
400,財團法人伊甸社會福利基金會附設臺北市私立八德服務中心,(02)25777636,士林區,忠誠路1段149號,,121.529823,25.1064
401,財團法人伊甸社會福利基金會附設臺北市私立八德服務中心,(02)25777636,信義區,信安街83號旁,,121.55742,25.025796
402,財團法人伊甸社會福利基金會附設臺北市私立八德服務中心,(02)25777636,士林區,士東路352巷口,,121.540139,25.113118
403,財團法人伊甸社會福利基金會附設臺北市私立八德服務中心,(02)25777636,內湖區,內湖路1段387巷17號對面(西湖公園樓梯旁),,121.570663,25.083403
404,財團法人伊甸社會福利基金會附設臺北市私立八德服務中心,(02)25777636,士林區,通河街76巷邊公佈欄,,121.520149,25.080141
405,財團法人伊甸社會福利基金會附設臺北市私立八德服務中心,(02)25777636,士林區,德行東路283巷口,,121.535879,25.111535
406,台北市肌萎縮症病友協會,(02)27272321,中正區,羅斯福路3段244巷10弄1-1號圍牆外變電箱邊,,121.5307767,25.01671189
407,台北市肌萎縮症病友協會,(02)27272321,大安區,泰順街54巷與龍泉街84號對面變電箱邊,,121.529344,25.02297059
408,台北市肌萎縮症病友協會,(02)27272321,南港區,興華路與東明街口(立體停車場變電箱下),,121.605836,25.05603136
409,台北市肌萎縮症病友協會,(02)27272321,信義區,基隆路2段79巷32號邊,,121.5597259,25.02938034
410,台北市肌萎縮症病友協會,(02)27272321,信義區,虎林街75號旁邊路燈桿旁,,121.5771039,25.04525387
411,台北市肌萎縮症病友協會,(02)27272321,信義區,永吉路180巷69號對面布告欄邊,,121.5714876,25.04352468
412,台北市肌萎縮症病友協會,(02)27272321,信義區,松信路38號對面人行道,,121.5721152,25.04787081
413,台北市肌萎縮症病友協會,(02)27272321,信義區,基隆路1段35巷7弄1號旁,,121.5703626,25.04791683
414,台北市肌萎縮症病友協會,(02)27272321,信義區,信義路5段150巷38-6號反光鏡下,,121.5703923,25.02600666
415,台北市肌萎縮症病友協會,(02)27272321,信義區,忠孝東路5段71巷全聯旁人行道,,121.5674066,25.04340761
416,台北市肌萎縮症病友協會,(02)27272321,信義區,虎林街46巷32號對面反光鏡邊人行道,,121.5748012,25.04739045
417,台北市肌萎縮症病友協會,(02)27272321,信義區,忠孝東路5段71巷11弄2號對面路燈旁人行道,,121.5674013,25.04207934
418,台北市肌萎縮症病友協會,(02)27272321,信義區,忠孝東路5段295巷14號對面圍牆邊,,121.5726052,25.04226618
419,台北市肌萎縮症病友協會,(02)27272321,信義區,松仁路202巷2弄36號邊(電信箱)人行道,,121.5680608,25.02858024
420,台北市肌萎縮症病友協會,(02)27272321,信義區,中坡南路182號對面電信箱旁人行道,,121.5840706,25.03860658
421,台北市肌萎縮症病友協會,(02)27272321,信義區,松山路287巷1-1號對面圍牆邊人行道,,121.5784633,25.04291947
422,台北市肌萎縮症病友協會,(02)27272321,信義區,松山路515巷20號對面變電箱邊人行道,,121.5790728,25.03872545
423,台北市肌萎縮症病友協會,(02)27272321,信義區,吳興街394巷口對面圍牆變電箱邊,,121.5674756,25.02483031
424,台北市肌萎縮症病友協會,(02)27272321,信義區,基隆路2段159巷口右側人行道,,121.5540915,25.02559243
425,台北市肌萎縮症病友協會,(02)27272321,信義區,吳興街284巷24弄口1-1號邊,,121.5635863,25.02437099
426,台北市肌萎縮症病友協會,(02)27272321,信義區,吳興街44-1號對面路燈邊,,121.5601483,25.03130973
427,台北市肌萎縮症病友協會,(02)27272321,中正區,羅斯福路3段284巷與羅斯福路3段316巷9弄口,,121.5315601,25.01590055
428,台北市肌萎縮症病友協會,(02)27272321,信義區,吳興街284巷28弄2號對面路燈邊,,121.5630959,25.02340488
429,台北市肌萎縮症病友協會,(02)27272321,信義區,基隆路2段79巷1號對面圍牆邊人行道,,121.5584251,25.03002132
430,台北市肌萎縮症病友協會,(02)27272321,信義區,虎林街32號邊變電箱與郵筒中間,,121.5760776,25.04812968
431,台北市肌萎縮症病友協會,(02)27272321,信義區,忠孝東路5段621巷4號對面路燈邊,,121.5789416,25.04208294
432,台北市肌萎縮症病友協會,(02)27272321,信義區,永吉路127巷8號對面人行道,,121.5704324,25.04619385
433,台北市肌萎縮症病友協會,(02)27272321,信義區,林口街77號對面電信箱邊人行道,,121.579099,25.0391985
434,台北市肌萎縮症病友協會,(02)27272321,大安區,龍泉街93巷與泰順街62巷口(古亭國小人行道週邊),,121.5301501,25.02146431
435,台北市肌萎縮症病友協會,(02)27272321,信義區,永吉路30巷167弄34號路口人行道,,121.5696577,25.04487531
436,台北市脊髓損傷者協會,(02)25986062,士林區,中山北路7段14巷5弄2號對面,,121.53144,25.11882
437,台北市脊髓損傷者協會,(02)25986062,北投區,公館路92巷口,,121.50462,25.13084
438,台北市脊髓損傷者協會,(02)25986062,北投區,立農街1段20號對面,,121.50291,25.11936
439,台北市脊髓損傷者協會,(02)25986062,士林區,忠誠路2段46號,,121.53034,25.11021
440,台北市脊髓損傷者協會,(02)25986062,北投區,大同街88號前牆邊,,121.49859,25.13364
441,台北市脊髓損傷者協會,(02)25986062,北投區,大興街23巷25號前,,121.4983,25.13083
442,台北市脊髓損傷者協會,(02)25986062,北投區,崇仁路1段155巷2號對面樹旁,,121.50227,25.12374
443,台北市脊髓損傷者協會,(02)25986062,大同區,錦西街53巷口旁,,121.5161,25.05992
444,台北市脊髓損傷者協會,(02)25986062,大同區,大龍街187巷口,,121.51598,25.06967
445,台北市脊髓損傷者協會,(02)25986062,大同區,寧夏路57巷口,,121.51544,25.05771
446,台北市脊髓損傷者協會,(02)25986062,內湖區,成功路5段79號前,,121.60558,25.07386
447,台北市脊髓損傷者協會,(02)25986062,松山區,八德路3段106巷1號對面公園邊,,121.55342,25.04803
448,台北市脊髓損傷者協會,(02)25986062,萬華區,長沙街2段40巷口電信設備邊,,121.50643,25.04062
449,台北市脊髓損傷者協會,(02)25986062,文山區,興隆路4段與下崙路口榕樹旁,,121.5607,24.98668
450,台北市脊髓損傷者協會,(02)25986062,文山區,景明街14巷口,,121.54129,25.00187
451,台北市脊髓損傷者協會,(02)25986062,文山區,景興路10巷7號旁對面,,121.54389,24.99796
452,台北市脊髓損傷者協會,(02)25986062,文山區,興隆路1段184巷4弄口公園路燈旁,,121.54255,25.00054
453,台北市脊髓損傷者協會,(02)25986062,文山區,辛亥路4段188巷口樹邊,,121.55586,25.0031
454,台北市脊髓損傷者協會,(02)25986062,大安區,和平東路1段11巷24號對面,,121.52263,25.02796
455,台北市脊髓損傷者協會,(02)25986062,大安區,和平東路1段55巷口(排水溝旁),,121.52441,25.02726
466,臺北市弱勢者發展協會,(02)25429529,松山區,八德路4段245巷52弄5號旁,,121.5636211,25.050645
467,臺北市弱勢者發展協會,(02)25429529,士林區,中山北路6段290巷7弄1號對面,,121.5261713,25.110267
468,臺北市弱勢者發展協會,(02)25429529,北投區,中和街232號旁,,121.501616,25.139518
469,臺北市弱勢者發展協會,(02)25429529,北投區,珠海路105號對面 ,,121.505685,25.141864
470,臺北市弱勢者發展協會,(02)25429529,松山區,富錦街562巷1號對面,,121.5671472,25.062348
471,臺北市弱勢者發展協會,(02)25429529,松山區,南京東路3段338巷與敦化北路4巷(交通管制箱旁),,121.5477077,25.0514782
472,臺北市弱勢者發展協會,(02)25429529,松山區,南京東路3段303巷7弄7號對面,,121.5458759,25.0533855
473,臺北市弱勢者發展協會,(02)25429529,松山區,復興北路17巷交叉口,,121.5440581,25.0492947
474,臺北市弱勢者發展協會,(02)25429529,松山區,敦化北路4巷31號對面,,121.5455589,25.0500981
475,臺北市弱勢者發展協會,(02)25429529,松山區,南京東路4段131號旁,,121.5549643,25.052111
476,臺北市弱勢者發展協會,(02)25429529,松山區,南京東路4段179巷5號前,,121.5549643,25.052111
477,臺北市弱勢者發展協會,(02)25429529,松山區,長春路454號旁,,121.5552813,25.05318161
478,臺北市弱勢者發展協會,(02)25429529,松山區,南京東路5段66巷4號旁,,121.5607527,25.050976
479,臺北市弱勢者發展協會,(02)25429529,松山區,健康路325巷7號前,,121.566375,25.055613
480,臺北市弱勢者發展協會,(02)25429529,松山區,健康路325巷6弄27號對面,,121.5683801,25.055396
481,臺北市弱勢者發展協會,(02)25429529,松山區,南京東路5段250巷3之2號旁,,121.5657575,25.050802
482,臺北市弱勢者發展協會,(02)25429529,松山區,光復南路17巷1號前,,121.5580777,25.047378
483,臺北市弱勢者發展協會,(02)25429529,松山區,南京東路4段120巷19弄口,,121.554673,25.052621
484,臺北市弱勢者發展協會,(02)25429529,松山區,八德路3段155巷20弄15號對面,,121.5561155,25.049535
485,臺北市弱勢者發展協會,(02)25429529,松山區,八德路3段99巷12號對面公廁旁,,121.5535306,25.049187
486,臺北市弱勢者發展協會,(02)25429529,松山區,八德路3段12巷51弄1號對面,,121.5508631,25.046531
487,臺北市弱勢者發展協會,(02)25429529,松山區,八德路3段12巷52弄30號旁,,121.5496701,25.046426
488,臺北市弱勢者發展協會,(02)25429529,大安區,樂利路27巷1號對面,,121.5530541,25.02906218
489,臺北市弱勢者發展協會,(02)25429529,松山區,新東街33號對面,,121.5665527,25.06137134
490,臺北市弱勢者發展協會,(02)25429529,松山區,民生東路5段234號旁,,121.5681334,25.05956321
491,臺北市弱勢者發展協會,(02)25429529,文山區,景華街177巷4-1號旁,,121.5485335,24.99927731
492,臺北市弱勢者發展協會,(02)25429529,士林區,中山北路7段81巷45號旁,,121.52839,25.12234
493,臺北市弱勢者發展協會,(02)25429529,文山區,景華街121巷7弄2號旁,,121.547364,24.99654593
494,臺北市弱勢者發展協會,(02)25429529,松山區,健康路182號對面（長壽公園）,,121.55936,25.035389
495,臺北市弱勢者發展協會,(02)25429529,松山區,南京東路5段123巷6弄24號對面,,121.56186,25.05315
496,臺北市視障藝文發展協會,(02)25912695,松山區,五常街370號對面空地榕樹前,,121.2454968,25.06435211
497,臺北市視障藝文發展協會,(02)25912695,松山區,南京東路5段66巷22弄與光復北路11巷50號旁巷口路燈下,,121.5598711,25.04982541
498,臺北市視障藝文發展協會,(02)25912695,松山區,敦化北路155巷66弄與165巷交叉口,,121.5513762,25.0547216
499,臺北市視障藝文發展協會,(02)25912695,中山區,復興北路514巷10號旁,,121.5436923,25.0659441
500,臺北市視障藝文發展協會,(02)25912695,中山區,松江路127號與四平街口變電箱旁,,121.5331895,25.0535862
501,臺北市視障藝文發展協會,(02)25912695,中山區,松江路123巷與伊通街口變電箱旁,,121.5347569,25.0529210.
502,臺北市視障藝文發展協會,(02)25912695,中山區,建國北路2段與四平街口,,121.5365104,25.0536014
503,臺北市視障藝文發展協會,(02)25912695,中山區,伊通街與長春路電箱下,,121.5349775,25.0547531
504,臺北市視障藝文發展協會,(02)25912695,中山區,長春路327巷口,,121.5435139,25.0546696
505,臺北市視障藝文發展協會,(02)25912695,松山區,復興北路361巷30號對面中山國中圍牆邊,,121.5465559,25.0604801
506,臺北市視障藝文發展協會,(02)25912695,大安區,嘉興街319號對面電箱旁,,121.5534606,25.0226568
507,臺北市視障藝文發展協會,(02)25912695,大安區,臨江街40巷59號旁,,121.5554823,25.0285201
508,臺北市視障藝文發展協會,(02)25912695,大安區,通化街123巷2號旁,,121.5542089,25.0291894
509,臺北市視障藝文發展協會,(02)25912695,中山區,復興北路514巷66號對面電箱旁,,121.5411254,25.0660051
510,臺北市視障藝文發展協會,(02)25912695,信義區,崇德街38巷27號旁,,121.5545134,25.0233576
511,臺北市視障藝文發展協會,(02)25912695,中山區,龍江路457巷口,,121.541106,25.0675789
512,臺北市視障藝文發展協會,(02)25912695,萬華區,環河南路2段與長順街口,,121.4908307,25.0312399
513,臺北市視障藝文發展協會,(02)25912695,大安區,大安路1段235號旁,,121.5461308,25.0342449
514,臺北市視障藝文發展協會,(02)25912695,松山區,撫遠街389巷口樹下,,121.5678386,25.0651988
515,臺北市視障藝文發展協會,(02)25912695,松山區,民權東路5段1號與撫遠街376-400巷口,,121.5647178,25.0635227
516,臺北市視障藝文發展協會,(02)25912695,信義區,永吉路502巷3號旁,,121.5800621,25.0448066
517,臺北市視障藝文發展協會,(02)25912695,松山區,八德路4段289之4號對面,,121.5662326,25.0493418
518,臺北市視障藝文發展協會,(02)25912695,士林區,中山北路5段811巷(福國路15巷停車場旁),,121.5245926,25.1008998
519,臺北市視障藝文發展協會,(02)25912695,士林區,福華路141巷2號前電線桿下,,121.5222481,25.1028882
520,臺北市視障藝文發展協會,(02)25912695,大安區,新生南路1段165巷35號斜對面,,121.5360153,25.03419927
521,臺北市視障藝文發展協會,(02)25912695,大安區,延吉街131巷1弄34號對面,,121.534456,25.048934
522,臺北市視障藝文發展協會,(02)25912695,大安區,大安路1段19巷24號旁,,121.534994,25.05065
523,臺北市視障藝文發展協會,(02)25912695,信義區,信安街149號旁,,121.54219,25.06714
524,臺北市視障藝文發展協會,(02)25912695,信義區,和平東路3段509巷4號公佈欄,,121.54122,25.06321
525,臺北市視障藝文發展協會,(02)25912695,大安區,光復南路420巷1弄口,,121.582258,25.079034
526,台北市角落關懷協會,(02)25537117,中正區,莒光路44號旁小公園,,121.5055183,25.03141798
527,台北市角落關懷協會,(02)25537117,大同區,寧夏路89號大同分局對面電箱旁,,121.5150643,25.05933633
528,台北市角落關懷協會,(02)25537117,大同區,甘谷街44號前路燈下,,121.5105993,25.05295416
529,台北市角落關懷協會,(02)25537117,信義區,忠孝東路4段559巷與基隆路1段172巷交叉口人行道,,121.5636841,25.04330178
530,台北市角落關懷協會,(02)25537117,信義區,永吉路30巷12弄5號,,121.5687607,25.0451275
531,台北市角落關懷協會,(02)25537117,信義區,虎林街164巷28號對面中全公園,,121.5757024,25.03876751
532,台北市角落關懷協會,(02)25537117,信義區,松仁路228巷口,,121.5689214,25.0256186
533,台北市角落關懷協會,(02)25537117,信義區,林口街82號公園前人行道,,121.5792451,25.03941365
534,台北市角落關懷協會,(02)25537117,南港區,舊莊街1段145巷底公園,,121.6190723,25.04327415
535,台北市角落關懷協會,(02)25537117,南港區,重陽路166巷口,,121.6010577,25.05732291
536,台北市角落關懷協會,(02)25537117,南港區,研究院路2段61巷3弄口,,121.6166367,25.04315727
537,台北市角落關懷協會,(02)25537117,大安區,忠孝東路3段251巷6弄底誠安公園圍牆旁,,121.5411667,25.0426684
538,台北市角落關懷協會,(02)25537117,大安區,安居街55號旁,,121.5749544,25.0196588
539,台北市角落關懷協會,(02)25537117,大安區,安居街121號之1,,121.5518977,25.01827756
540,台北市角落關懷協會,(02)25537117,信義區,莊敬路239巷12號對面(1弄路口) ,,121.5630116,25.02999655
541,台北市角落關懷協會,(02)25537117,信義區,吳興街156巷61號對面人行道,,121.5593489,25.0282149
542,台北市角落關懷協會,(02)25537117,中正區,南海路103號,,121.5076462,25.027939
543,台北市角落關懷協會,(02)25537117,大安區,敦化南路2段293巷人行道旁,,121.549008,25.02394715
544,台北市角落關懷協會,(02)25537117,大安區,敦化南路2段81巷45弄3號旁,,121.5505222,25.03028417
545,台北市角落關懷協會,(02)25537117,內湖區,江南街107巷口,,121.5769105,25.07630276
546,台北市角落關懷協會,(02)25537117,士林區,承德路4段5臨之2對面人行道,,121.5219738,25.07944746
547,台北市角落關懷協會,(02)25537117,士林區,承德路4段6巷口承德橋下橋墩,,121.5212944,25.07900072
548,台北市角落關懷協會,(02)25537117,大安區,仁愛路4段122巷底與信義路4段,,121.5503413,25.03351807
549,台北市角落關懷協會,(02)25537117,信義區,信安街50號對面公園轉角,,121.5582503,25.02706951
550,台北市角落關懷協會,(02)25537117,信義區,信安街底吳興街156巷33弄交叉口,,121.5606099,25.02772426
551,台北市角落關懷協會,(02)25537117,信義區,吳興街156巷40弄2號對面公園轉角,,121.5597628,25.02836377
556,台北市行無礙資源推廣協會,(02)25994649,南港區,中坡南路49巷口公園前(號誌控制器旁),,121.5817863,25.0434328
557,台北市行無礙資源推廣協會,(02)25994649,大同區,太原路183巷口牆邊,,121.5114951,25.0526212
558,台北市行無礙資源推廣協會,(02)25994649,信義區,永吉路182號(永吉路及永吉路180巷交叉口)人行道,,121.5688763,25.0445638
560,台北市行無礙資源推廣協會,(02)25994649,中正區,羅斯福路3段210巷8弄口變電箱下,,121.527398,25.0178461
561,台北市行無礙資源推廣協會,(02)25994649,信義區,信義路6段15巷18弄6號對面路燈邊,,121.5729721,25.0354791
562,台北市行無礙資源推廣協會,(02)25994649,信義區,崇德街96號對面變電箱旁人行道,,121.5530789,25.024157
563,台北市行無礙資源推廣協會,(02)25994649,南港區,興南街與興南街64巷口,,121.5664653,25.0434755
564,台北市行無礙資源推廣協會,(02)25994649,信義區,信義路6段63號邊,,121.574472,25.0353861
565,台北市行無礙資源推廣協會,(02)25994649,南港區,研究院路3段68巷口永思橋邊,,121.6124163,25.0358873
566,台北市行無礙資源推廣協會,(02)25994649,南港區,興南街60巷27號對面變電箱邊,,121.6016023,25.0559428
567,台北市行無礙資源推廣協會,(02)25994649,南港區,大坑街與合順街口(56號電線桿邊),,121.6172259,25.0429748
568,台北市行無礙資源推廣協會,(02)25994649,信義區,吳興街284巷22弄92號(黎雙公園)人行道,,121.5589576,25.0235593
569,台北市行無礙資源推廣協會,(02)25994649,中正區,水源路35巷與33巷口(守望相助亭),,121.5208319,25.0178702
570,台北市行無礙資源推廣協會,(02)25994649,南港區,東新街6-7號(玉東親民園旁),,121.4922135,25.0506739
571,台北市行無礙資源推廣協會,(02)25994649,信義區,松信路96號邊變電箱,,121.5720024,25.04478115
572,台北市行無礙資源推廣協會,(02)25994649,信義區,吳興街118號旁,,121.5611034,25.0300084
573,台北市行無礙資源推廣協會,(02)25994649,南港區,南港路3段338號,,121.580695,25.051602
574,台北市行無礙資源推廣協會,(02)25994649,南港區,研究院路2段12巷57弄口,,121.6137571,25.04752903
575,台北市行無礙資源推廣協會,(02)25994649,文山區,萬利街4號旁,,121.56633,25.00061
576,台北市行無礙資源推廣協會,(02)25994649,中正區,詔安街157號對面,,121.51344,25.02614
577,台北市行無礙資源推廣協會,(02)25994649,內湖區,大湖山莊街151巷底（土地公廟前）,,121.602339,25.086977
578,台北市行無礙資源推廣協會,(02)25994649,內湖區,文德路73號（內湖路2段122巷）,,121.58226,25.07905
579,台北市行無礙資源推廣協會,(02)25994649,文山區,萬寧街36巷公車站牌旁,,121.5655036,25.00338594
586,台北市彩虹心服務協會,(02)25060676,中山區,長安東路1段35號旁電箱,,121.5250743,25.0492709
587,台北市彩虹心服務協會,(02)25060676,中山區,新生北路1段108之2號,,121.5282827,25.0495641
588,台北市彩虹心服務協會,(02)25060676,中山區,南京東路1段132巷和林森北路159巷交叉口,,121.5271385,25.0513809
589,台北市彩虹心服務協會,(02)25060676,大同區,承德路2段1巷6號 (建成公園邊),,121.518163,25.05367384
590,台北市彩虹心服務協會,(02)25060676,大同區,延平北路圓環邊(延平北路2段286之1號對面),,121.5106933,25.0626881
591,台北市彩虹心服務協會,(02)25060676,大同區,涼州街96號對面電箱旁,,121.510113,25.0605492
592,台北市彩虹心服務協會,(02)25060676,大同區,民樂街167巷電線桿旁(大稻埕公園邊),,121.5107495,25.0588863
593,台北市彩虹心服務協會,(02)25060676,大同區,哈密街68巷電箱旁,,121.5182509,25.0726536
594,台北市彩虹心服務協會,(02)25060676,大同區,哈密街45巷11號對面轉角,,121.517366,25.074519
595,台北市彩虹心服務協會,(02)25060676,大同區,迪化街2段290號對面邊,,121.5117501,25.0712351
596,台北市彩虹心服務協會,(02)25060676,大同區,重慶北路3段252巷20號的對面電箱,,121.5128535,25.0712118
597,台北市彩虹心服務協會,(02)25060676,大同區,延平北路2段43巷內,,121.5121573,25.0551549
598,台北市彩虹心服務協會,(02)25060676,大同區,重慶北路2段46巷6號旁,,121.513789,25.055275
599,台北市彩虹心服務協會,(02)25060676,大同區,迪化街2段364巷25弄口對面牆邊,,121.5118846,25.0732643
600,台北市彩虹心服務協會,(02)25060676,大同區,寧夏路84號旁牆邊,,121.5150251,25.0583613
601,台北市彩虹心服務協會,(02)25060676,大安區,仁愛路3段5巷3弄18號對面公園,,121.5346587,25.0395531
602,台北市彩虹心服務協會,(02)25060676,大同區,貴德街45號路燈下,,121.5083284,25.0543784
603,台北市彩虹心服務協會,(02)25060676,中正區,晉江街4巷4號對面,,121.5209737,25.0260892
604,台北市彩虹心服務協會,(02)25060676,中正區,同安街28巷10號牆邊,,121.5211868,25.0247523
605,台北市彩虹心服務協會,(02)25060676,中正區,和平西路1段36號旁,,121.5203241,25.0264846
606,台北市彩虹心服務協會,(02)25060676,中正區,牯嶺街95巷與同安街28巷交叉口（聖道堂電箱旁),,121.5218662,25.0246998
607,台北市彩虹心服務協會,(02)25060676,大同區,民生西路423巷25號,,121.5085854,25.05773809
608,台北市彩虹心服務協會,(02)25060676,大安區,樂業街72巷27號對面,,121.5499082,25.0211526
609,台北市彩虹心服務協會,(02)25060676,大同區,民生西路與民生西路423巷機車停車位旁,,121.50868,25.05716
610,台北市彩虹心服務協會,(02)25060676,大同區,敦煌路205號旁邊的電箱旁,,121.5097347,25.0769768
616,台北市史懷哲慈善會,(02)25429529,中正區,金門街26號旁,,121.5229668,25.0215092
617,台北市史懷哲慈善會,(02)25429529,松山區,南京東路5段286號旁,,121.5672382,25.0512375
618,台北市史懷哲慈善會,(02)25429529,松山區,八德路4段335號旁,,121.5673864,25.0493015
619,台北市史懷哲慈善會,(02)25429529,松山區,南京東路4段77號旁,,121.5537145,25.0518553
620,台北市史懷哲慈善會,(02)25429529,松山區,延壽街101號前,,121.566007,25.0571903
621,台北市史懷哲慈善會,(02)25429529,松山區,延壽街72巷8-3號對面,,121.5655173,25.05578756
622,台北市史懷哲慈善會,(02)25429529,大同區,承德路3段247巷口,,121.5187992,25.07117957
623,台北市史懷哲慈善會,(02)25429529,松山區,八德路3段194號旁,,121.5562475,25.04783581
624,台北市史懷哲慈善會,(02)25429529,文山區,景興路67巷8號對面,,121.5453418,24.99634127
625,台北市史懷哲慈善會,(02)25429529,內湖區,安泰街125巷口對面山壁邊,,121.616243,25.0768464
626,台北市史懷哲慈善會,(02)25429529,中山區,通北街143號公布欄旁,,121.5378415,25.08515117
627,台北市史懷哲慈善會,(02)25429529,中山區,通北街124巷,,121.537675,25.08356112
628,台北市史懷哲慈善會,(02)25429529,中正區,丹陽街16號前變電箱旁,,121.5244556,25.03928033
646,臺北市私立育成裕民發展中心,(02)27068686,南港區,研究院路1段65巷12號正前方小公園角落,,121.6170571,25.0527313
647,臺北市私立育成裕民發展中心,(02)27068686,北投區,中和街525巷口公告欄旁,,121.4935674,25.1449043
648,臺北市私立育成裕民發展中心,(02)27068686,北投區,文化3路101號後側欄杆旁,,121.4989677,25.1404884
649,臺北市私立育成裕民發展中心,(02)27068686,北投區,榮華3路與懷德街口,,121.5198448,25.1142362
650,臺北市私立育成裕民發展中心,(02)27068686,大安區,安和路1段127巷14號旁,,121.5532873,25.0345287
651,臺北市私立育成裕民發展中心,(02)27068686,大安區,樂利路11巷32號通化街交會處,,121.5524581,25.0282723
652,臺北市私立育成裕民發展中心,(02)27068686,大安區,安和路1段49巷9號旁邊,,121.5515993,25.0385566
653,臺北市私立育成裕民發展中心,(02)27068686,大安區,辛亥路3段55號(大安運動中心前),,121.54566,25.02101
654,臺北市私立育成裕民發展中心,(02)27068686,松山區,敦化南路1段100巷9號對面,,121.5481575,25.0461643
655,臺北市私立育成裕民發展中心,(02)27068686,大安區,臥龍街188巷42-3號對面臥龍公園角落旁,,121.5505246,25.0164726
656,臺北市私立育成裕民發展中心,(02)27068686,北投區,承德路7段280巷6弄7號對面,,121.5063954,25.1160225
657,臺北市私立育成裕民發展中心,(02)27068686,大安區,敦化南路2段172巷8弄5號,,121.54795,25.02388
658,臺北市私立育成裕民發展中心,(02)27068686,北投區,吉利街58巷2號對面,,121.5049317,25.1181241
659,臺北市私立育成裕民發展中心,(02)27068686,大安區,臥龍街199號里公告欄旁,,121.5509903,25.023667
660,臺北市私立育成裕民發展中心,(02)27068686,文山區,和興街44巷口,,121.5472593,24.9849761
661,臺北市私立育成裕民發展中心,(02)27068686,文山區,羅斯福路6段159巷9號3福街交叉口,,121.5417948,24.9975095
662,臺北市私立育成裕民發展中心,(02)27068686,文山區,忠順街2段22號超市旁,,121.5631899,24.9845849
663,臺北市私立育成裕民發展中心,(02)27068686,文山區,景福街54巷5弄2號旁,,121.5381326,24.9996702
664,臺北市私立育成裕民發展中心,(02)27068686,士林區,陽明山仰德大道1段91巷旁,,121.549533,25.035417
665,臺北市私立育成裕民發展中心,(02)27068686,大安區,臥龍街62號對面,,121.5476449,25.0214904
667,臺北市私立育成裕民發展中心,(02)27068686,中正區,泉州街39號對面,,121.5145524,25.0290388
668,臺北市私立育成裕民發展中心,(02)27068686,中正區,齊東街66號前(齊東公園外圍電箱旁),,121.5280237,25.0418913
669,臺北市私立育成裕民發展中心,(02)27068686,松山區,民生東路5段260巷25號對面,,121.5672339,25.057665
670,臺北市私立育成裕民發展中心,(02)27068686,北投區,明德路188巷口電機箱旁,,121.5216489,25.1115323
671,臺北市私立育成裕民發展中心,(02)27068686,大安區,復興南路2段389號旁,,121.5435799,25.02201
672,臺北市私立育成裕民發展中心,(02)27068686,大安區,安和路2段141號前,,121.5506688,25.0286952
673,臺北市私立育成裕民發展中心,(02)27068686,大同區,承德路3段208巷17號巷口路燈下,,121.5174381,25.0705895
674,臺北市私立育成裕民發展中心,(02)27068686,萬華區,長泰街2號,,121.50142,25.02336
675,臺北市私立育成裕民發展中心,(02)27068686,士林區,中社路1段61巷公車站旁,,121.56068,25.10815
676,台北市中風之友康復協會,(02)27644061,大同區,南京西路293巷旁,,121.508,25.0534
677,台北市中風之友康復協會,(02)27644061,中正區,牯嶺街60巷口旁人行道,,121.5179,25.0278
679,台北市中風之友康復協會,(02)27644061,大安區,仁愛路4段48巷與大安路1段175巷口,,121.426,25.0294
680,台北市中風之友康復協會,(02)27644061,中正區,南昌路2段1巷口,,121.488,25.0293
681,台北市中風之友康復協會,(02)27644061,中正區,南昌路2段42巷口,,121.488,25.0292
682,台北市中風之友康復協會,(02)27644061,中正區,汀州路1段與三元街口,,121.506,25.0291
683,台北市中風之友康復協會,(02)27644061,信義區,永吉路491巷9弄32號對面,,121.576,25.0465
684,台北市中風之友康復協會,(02)27644061,信義區,中坡北路與松山路119巷口,,121.566,25.0464
685,台北市中風之友康復協會,(02)27644061,大安區,?州街18-3號對面,,121.522,25.023
686,台北市中風之友康復協會,(02)27644061,文山區,興隆路4段57巷口,,121.557,24.9896
687,台北市中風之友康復協會,(02)27644061,文山區,木柵路2段109巷25弄口,,121.544,24.9873
688,台北市中風之友康復協會,(02)27644061,文山區,光輝路132號對面巷口,,121.552,24.9873
689,台北市中風之友康復協會,(02)27644061,文山區,興隆路3段與興德路口,,121.551,24.9982
690,台北市中風之友康復協會,(02)27644061,文山區,景中街與景後街口,,121.375,25.055
691,台北市中風之友康復協會,(02)27644061,中山區,遼寧街右轉龍江路155巷口路燈桿與機車停車格間,,121.499,25.0547
692,台北市中風之友康復協會,(02)27644061,大安區,文昌街210巷8號旁,,121.499,25.05465
693,台北市中風之友康復協會,(02)27644061,中山區,長春路258巷2弄口,,121.537,25.0545
694,台北市中風之友康復協會,(02)27644061,中正區,臨沂街8巷口,,121.524,25.0399
695,台北市中風之友康復協會,(02)27644061,中正區,濟南路2段與臨沂街口,,121.5213,25.0406
696,台北市中風之友康復協會,(02)27644061,中正區,濟南路2段與忠東路2段134巷口,,121.527,25.0391
697,台北市中風之友康復協會,(02)27644061,中正區,濟南路2段62巷與120巷口,,121.527,25.03917
698,台北市中風之友康復協會,(02)27644061,中正區,仁愛路2段65巷與臨沂街45巷,,121.527,25.0391
699,台北市中風之友康復協會,(02)27644061,中山區,興安街與遼寧街口,,121.539,25.0525
700,台北市中風之友康復協會,(02)27644061,大安區,和平東路1段188巷口前,,121.527,25.0527
726,臺北市惠盲教育學會,(02)25530253,內湖區,民權東路6段47巷10弄口(電箱旁),,121.5855001,25.0695766
727,臺北市惠盲教育學會,(02)25530253,士林區,中山北路6段346號對面公園電箱旁,,121.5239058,25.1115703
728,臺北市惠盲教育學會,(02)25530253,士林區,中山北路7段14巷19號左邊電信箱旁,,121.5484866,25.0895785
729,臺北市惠盲教育學會,(02)25530253,士林區,中山北路7段14巷41號對面兩支電桿中間,,121.530881,25.1197448
730,臺北市惠盲教育學會,(02)25530253,士林區,中山北路7段219巷口,,121.5305459,25.1320806
731,臺北市惠盲教育學會,(02)25530253,士林區,通河街179巷1號右邊電信箱旁 ,,121.5174043,25.081648
732,臺北市惠盲教育學會,(02)25530253,內湖區,內湖路1段225巷,,121.5626824,25.0829989
733,臺北市惠盲教育學會,(02)25530253,內湖區,成功路2段404號左邊電箱旁,,121.5877617,25.0707111
734,臺北市惠盲教育學會,(02)25530253,士林區,延平北路6段156號對面,,121.5045364,25.0896305
735,臺北市惠盲教育學會,(02)25530253,中正區,中華路2段409巷口,,121.5064688,25.0262632
736,臺北市惠盲教育學會,(02)25530253,中正區,南海路140號對面,,121.5052323,25.0268959
737,臺北市惠盲教育學會,(02)25530253,中正區,牯嶺街84巷口,,121.5164088,25.0261319
738,臺北市惠盲教育學會,(02)25530253,中正區,牯嶺街141號對面電箱旁,,121.5169835,25.0229834
739,臺北市惠盲教育學會,(02)25530253,文山區,興隆路2段153巷6弄1號對面電桿旁,,121.5503243,25.0012157
740,臺北市惠盲教育學會,(02)25530253,文山區,興隆路2段215-2號牆邊,,121.5478973,25.0011006
741,臺北市惠盲教育學會,(02)25530253,中正區,同安街86巷1-1號旁,,121.5179289,25.0219991
742,臺北市惠盲教育學會,(02)25530253,中正區,廈門街154號旁,,121.5151469,25.0221039
743,臺北市惠盲教育學會,(02)25530253,士林區,承德路4段28號旁(郵筒旁),,121.5198049,25.0804234
744,臺北市惠盲教育學會,(02)25530253,士林區,通河街325巷與通河東街1段交叉口(電箱旁),,121.5156347,25.0812787
745,臺北市惠盲教育學會,(02)25530253,士林區,和豐街口與通河東街1段(電線桿旁),,121.5160166,25.0846167
746,臺北市惠盲教育學會,(02)25530253,文山區,萬美街1段與萬樂街口(萬芳13號公園),,121.5629257,25.0013364
747,臺北市惠盲教育學會,(02)25530253,中正區,同安街78號對面,,121.5189247,25.0235658
748,臺北市惠盲教育學會,(02)25530253,萬華區,興寧街70號旁（天主教聖女小德蘭朝聖地旁）,,121.4996221,25.03216025
751,台北市失能者服務協會,(02)25429529,萬華區,開封街2段36號對面樹下,,121.5077989,25.04644922
752,台北市失能者服務協會,(02)25429529,萬華區,漢口街2段83巷口,,121.5050461,25.04664705
753,台北市失能者服務協會,(02)25429529,萬華區,長沙街2段與西園路1段變電箱下,,121.5000854,25.04130479
754,台北市失能者服務協會,(02)25429529,中正區,和平西路1段96號前,,121.5181996,25.02673626
755,台北市失能者服務協會,(02)25429529,士林區,福港街152號後,,121.5178276,25.08762537
756,台北市失能者服務協會,(02)25429529,中正區,晉江街46之4號對面,,121.5230852,25.02449355
757,台北市失能者服務協會,(02)25429529,松山區,寶清街21號電箱旁,,121.5689416,25.0503301
758,台北市失能者服務協會,(02)25429529,北投區,大興街9巷對面,,121.4973085,25.13114966
759,台北市失能者服務協會,(02)25429529,北投區,立農街2段294號對面,,121.5164954,25.11883801
760,台北市失能者服務協會,(02)25429529,北投區,珠海路2號旁,,121.5017447,25.13777574
761,台北市失能者服務協會,(02)25429529,北投區,中和街370巷口,,121.4989512,25.14239089
762,台北市失能者服務協會,(02)25429529,北投區,中和街441巷口,,121.4973248,25.14389113
763,台北市失能者服務協會,(02)25429529,北投區,崇仁路1段17巷口,,121.5013015,25.12788196
764,台北市失能者服務協會,(02)25429529,北投區,石牌路2段324巷口,,121.5228618,25.12266776
765,台北市失能者服務協會,(02)25429529,北投區,明德路309號對面,,121.5207215,25.11543087
766,台北市失能者服務協會,(02)25429529,北投區,致遠一路1段21號,,121.5176342,25.10771059
767,台北市失能者服務協會,(02)25429529,北投區,立農街2段257號旁,,121.5144944,25.11913877
768,台北市失能者服務協會,(02)25429529,士林區,延平北路5段257巷4弄口綠地旁,,121.5089264,25.08495081
769,台北市失能者服務協會,(02)25429529,士林區,永平街20巷11弄3號對面電桿旁,,121.5057331,25.09052124
770,台北市失能者服務協會,(02)25429529,北投區,石牌路1段39巷88號(人行道),,121.509713,25.11620033
771,台北市失能者服務協會,(02)25429529,信義區,信義路5段150巷310號東大排水溝旁,,121.5695218,25.02725336
772,台北市失能者服務協會,(02)25429529,士林區,延平北路6段115巷口,,121.5081752,25.08893979
773,台北市失能者服務協會,(02)25429529,士林區,社子街22巷65弄2號斜對面,,121.505895,25.08705869
774,台北市失能者服務協會,(02)25429529,中正區,延平南路169號對面和平醫院旁,,121.5075456,25.03511945
775,台北市失能者服務協會,(02)25429529,士林區,社子街25巷口,,121.5080139,25.08783938
776,臺北市愛盲協會,(02)26886212,文山區,木新路2段52號對面邊,,121.57078,24.98617
777,臺北市愛盲協會,(02)26886212,文山區,仙岩路16巷41弄口對面仙岩公園旁,,121.54972,24.99763
778,臺北市愛盲協會,(02)26886212,文山區,興隆路3段298巷與304巷交叉口,,121.55861,24.99356
779,臺北市愛盲協會,(02)26886212,文山區,福興路78巷1弄底,,121.55079,25.00561
780,臺北市愛盲協會,(02)26886212,文山區,興隆路2段275巷1弄口,,121.55287,25.00249
781,臺北市愛盲協會,(02)26886212,文山區,興隆路1段70巷口兩桿間,,121.54063,25.00379
782,臺北市愛盲協會,(02)26886212,文山區,興隆路1段202巷公園旁,,121.54334,25.00031
783,臺北市愛盲協會,(02)26886212,文山區,羅斯福路6段279巷6號2桿間,,121.54165,24.99488
784,臺北市愛盲協會,(02)26886212,大安區,通化街184巷3號對面,,121.55311,25.02704
785,臺北市愛盲協會,(02)26886212,大安區,通化街200巷口變電箱旁,,121.55247,25.02606
786,臺北市愛盲協會,(02)26886212,大安區,安和路2段8號旁文昌街口,,121.55228,25.03261
787,臺北市愛盲協會,(02)26886212,大安區,杭州南路2段25巷15號對面,,121.52443,25.03338
788,臺北市愛盲協會,(02)26886212,大安區,安和路2段217巷口電氣設備旁,,121.55024,25.02571
789,臺北市愛盲協會,(02)26886212,大安區,新生南路3段25巷口樹桿邊,,121.53494,25.02448
790,臺北市愛盲協會,(02)26886212,大安區,辛亥路2段155號旁,,121.54041,25.02166
791,臺北市愛盲協會,(02)26886212,北投區,榮華里榮華一路與榮華三路兩電桿間,,121.52454,25.11371
792,臺北市愛盲協會,(02)26886212,中正區,臨沂街61巷18之2號對面,,121.53029,25.03661
793,臺北市愛盲協會,(02)26886212,中正區,新生南路1段160巷16號旁,,121.53111,25.03458
794,臺北市愛盲協會,(02)26886212,中正區,臨沂街65巷11號邊,,121.52983,25.03569
795,臺北市愛盲協會,(02)26886212,文山區,樟新街8巷底2桿間,,121.55388,24.97959
796,臺北市愛盲協會,(02)26886212,文山區,木新路3段243巷3弄7號斜對面,,121.55937,24.98062
797,臺北市愛盲協會,(02)26886212,文山區,指南路3段2巷入口橋邊,,121.57951,24.98529
801,台北市身心障礙運動協會,(02)25912695,松山區,三民路96巷口(電話亭旁),,121.5648132,25.05730133
802,台北市身心障礙運動協會,(02)25912695,大同區,昌吉街33巷口,,121.5168804,25.066065
803,台北市身心障礙運動協會,(02)25912695,大同區,昌吉街61巷口,,121.514811,25.06599975
804,台北市身心障礙運動協會,(02)25912695,大安區,敦化南路1段187巷29號對面圍牆旁,,121.5507325,25.04255816
805,台北市身心障礙運動協會,(02)25912695,大安區,建國南路2段151巷24號對面,,121.5388692,25.02883605
806,台北市身心障礙運動協會,(02)25912695,大安區,師大路39巷口右側5公尺旁,,121.528611,25.02475002
807,台北市身心障礙運動協會,(02)25912695,中山區,長安東路2段35巷7號對面(長安國中側門旁),,121.5314627,25.04903898
808,台北市身心障礙運動協會,(02)25912695,大安區,瑞安街75號斜前方(電信設備旁),,121.541037,25.02834106
809,台北市身心障礙運動協會,(02)25912695,士林區,大直街62巷5弄口(大直街62巷5號旁),,121.545,25.08305556
810,台北市身心障礙運動協會,(02)25912695,內湖區,五分街14號對面人行道電話箱旁,,121.6137628,25.06751133
811,台北市身心障礙運動協會,(02)25912695,內湖區,金湖路363巷15號對面電桿旁,,121.6021173,25.07332793
812,台北市身心障礙運動協會,(02)25912695,內湖區,成功路5段420巷15到17號斜對面Ubike旁,,121.6085368,25.07515805
813,台北市身心障礙運動協會,(02)25912695,內湖區,金湖路363巷與民權東路6段191巷交口,,121.5995458,25.07298547
814,台北市身心障礙運動協會,(02)25912695,內湖區,東湖路119巷49弄44號對面樹旁,,121.6160767,25.07014027
815,台北市身心障礙運動協會,(02)25912695,內湖區,康樂街110巷16弄26號對面廟旁(東湖4號公園),,121.6181632,25.07025734
816,台北市身心障礙運動協會,(02)25912695,內湖區,康寧路3段99巷60號變電箱旁,,121.6111964,25.07381597
817,台北市身心障礙運動協會,(02)25912695,信義區,永吉路120巷22弄與松隆路100號交接口,,121.5696928,25.0449497
818,台北市身心障礙運動協會,(02)25912695,大安區,光復南路628巷與文昌街280巷交叉口路燈邊,,121.5565928,25.03169745
819,台北市身心障礙運動協會,(02)25912695,中山區,敬業三路177巷口電箱旁,,121.5562285,25.07867344
820,台北市身心障礙運動協會,(02)25912695,文山區,新光路1段31巷口,,121.5737971,24.98937551
826,臺北市身心障礙者創業輔導發展協會,(02)27775940,信義區,松仁路204號旁,,121.56822,25.02734
827,臺北市身心障礙者創業輔導發展協會,(02)27775940,信義區,莊敬路468號旁,,121.56788,25.02677
828,臺北市身心障礙者創業輔導發展協會,(02)27775940,大安區,嘉興街363巷17號前公園,,121.55263,25.02158
829,臺北市身心障礙者創業輔導發展協會,(02)27775940,中山區,復興北路488巷31號對面,,121.54271,25.06547
830,臺北市身心障礙者創業輔導發展協會,(02)27775940,大安區,市民大道4段200號旁,,121.55567,25.04456
831,臺北市身心障礙者創業輔導發展協會,(02)27775940,大安區,光復南路180巷13號對面,,121.55686,25.04215
832,臺北市身心障礙者創業輔導發展協會,(02)27775940,中山區,長安東路1段56巷公園電信箱旁,,121.55683,25.04216
833,臺北市身心障礙者創業輔導發展協會,(02)27775940,信義區,和平東路3段391巷8弄2號對面燈桿旁,,121.55778,25.02029
834,臺北市身心障礙者創業輔導發展協會,(02)27775940,中山區,松江路77巷過伊通街口處,,121.53493,25.04981
835,臺北市身心障礙者創業輔導發展協會,(02)27775940,士林區,福林路249號前,,121.53489,25.09856
836,臺北市身心障礙者創業輔導發展協會,(02)27775940,大安區,建國南路2段79巷35號電桿旁,,121.53951,25.03115
837,臺北市身心障礙者創業輔導發展協會,(02)27775940,北投區,永興路1段32巷3弄口,,121.500153,25.138499
838,臺北市身心障礙者創業輔導發展協會,(02)27775940,北投區,雙全街與大業路口中庸2號公園前,,121.50111,25.13742
839,臺北市身心障礙者創業輔導發展協會,(02)27775940,松山區,民族東路679號對面公園,,121.54784,25.06404
840,臺北市身心障礙者創業輔導發展協會,(02)27775940,大安區,樂業街17號對面公佈欄,,121.55006,25.02403
841,臺北市身心障礙者創業輔導發展協會,(02)27775940,大安區,臥龍街15號對面電箱,,121.54685,25.02433
842,臺北市身心障礙者創業輔導發展協會,(02)27775940,士林區,前街與美德街口,,121.52455,25.09752
843,臺北市身心障礙者創業輔導發展協會,(02)27775940,大安區,辛亥路3段157巷32號對面樹旁,,121.55077,25.01817
844,臺北市身心障礙者創業輔導發展協會,(02)27775940,大安區,光復南路456巷29號對面,,121.55621,25.03523
845,臺北市身心障礙者創業輔導發展協會,(02)27775940,大安區,敦化南路1段295巷與信義路4段199巷口,,121.55161,25.03548
846,臺北市身心障礙者創業輔導發展協會,(02)27775940,大安區,信義路3段31巷9之2號對面電箱旁,,121.53471,25.03499
847,臺北市身心障礙者創業輔導發展協會,(02)27775940,中山區,渭水路2-1號對面電箱旁,,121.53371,25.04581
848,臺北市身心障礙者創業輔導發展協會,(02)27775940,大安區,仁愛路4段112巷3弄口對面,,121.54967,25.03712
849,臺北市身心障礙者創業輔導發展協會,(02)27775940,大安區,延吉街131巷41號對面,,121.55584,25.04284
850,臺北市身心障礙者創業輔導發展協會,(02)27775940,大安區,復興南路1段253巷15號旁,,121.54423,25.03697
851,台北市視障者重建發展協會,0937-862-107,北投區,石牌路2段346號旁(電桿旁),,121.52488,25.12299
852,台北市視障者重建發展協會,0937-862-107,大安區,和平東路2段107巷30弄10號對面,,121.540144,25.027498
853,台北市視障者重建發展協會,0937-862-107,北投區,明德路337巷1號對面(電氣設備旁),,121.520446,25.116914
854,台北市視障者重建發展協會,0937-862-107,南港區,成功路1段39號斜前方 (電氣設備旁),,121.592925,25.055961
855,台北市視障者重建發展協會,0937-862-107,北投區,行義路7號對面(花臺旁),,121.526027,25.124145
856,台北市視障者重建發展協會,0937-862-107,北投區,行義路42號對面(電氣設備旁),,121.52714,25.12549
857,台北市視障者重建發展協會,0937-862-107,北投區,行義路154巷口(圍牆邊),,121.528108,25.130614
858,台北市視障者重建發展協會,0937-862-107,中山區,中山北路2段116巷17號旁,,121.521858,25.061013
859,台北市視障者重建發展協會,0937-862-107,松山區,民生東路5段137巷口(燈桿旁),,121.561573,25.058876
860,台北市視障者重建發展協會,0937-862-107,中山區,龍江路298巷底與合江街交叉口(路燈下方),,121.539298,25.061778
861,台北市視障者重建發展協會,0937-862-107,松山區,敦化北路145巷71號對面(電氣設備旁),,121.552207,25.053556
862,台北市視障者重建發展協會,0937-862-107,北投區,致遠一路2段70巷3號旁,,121.514003,25.112405
863,台北市視障者重建發展協會,0937-862-107,北投區,石牌路1段166巷120號旁(燈桿旁),,121.515543,25.111714
864,台北市視障者重建發展協會,0937-862-107,北投區,致遠一路2段86巷口,,121.513229,25.112742
865,台北市視障者重建發展協會,0937-862-107,松山區,富錦街427號對面(電氣設備旁),,121.56126,25.060737
866,台北市視障者重建發展協會,0937-862-107,中山區,民生西路3巷9號旁(圍牆邊),,121.521851,25.059794
867,台北市視障者重建發展協會,0937-862-107,北投區,溫泉路110-1號對面(燈桿旁),,121.511059,25.136297
868,台北市視障者重建發展協會,0937-862-107,北投區,立農街1段187巷口,,121.503755,25.120046
869,台北市視障者重建發展協會,0937-862-107,北投區,崇仁路1段88號對面(電信設備旁),,121.50177,25.12568
870,台北市視障者重建發展協會,0937-862-107,北投區,大業路300巷33-1號旁(籃球場邊),,121.499589,25.128751
871,台北市視障者重建發展協會,0937-862-107,北投區,溫泉路60號對面(圍牆邊),,121.503968,25.134344
872,台北市視障者重建發展協會,0937-862-107,北投區,中和街455巷橋頭,,121.496063,25.14323
873,台北市視障者重建發展協會,0937-862-107,中山區,樂群2路147號斜前方(行道樹旁),,121.557236,25.080048
874,台北市視障者重建發展協會,0937-862-107,中山區,大直街20巷34號對面,,121.545162,25.081342
875,台北市視障者重建發展協會,0937-862-107,中山區,撫順街12號對面,,121.520857,25.063668
876,臺北市障礙者發展協會,(02)25429529,松山區,光復北路85巷25號對面,,121.5594201,25.050901
877,臺北市障礙者發展協會,(02)25429529,萬華區,西園路1段278號旁（寺前公園電信箱旁）,,121.4993321,25.034073
878,臺北市障礙者發展協會,(02)25429529,萬華區,大理街130巷口,,121.4968116,25.033797
879,臺北市障礙者發展協會,(02)25429529,萬華區,環河南路2段125巷口（電信箱旁）,,121.4937961,25.03441746
880,臺北市障礙者發展協會,(02)25429529,萬華區,西園路1段226號佈告欄路燈旁,,121.4990779,25.03542765
881,臺北市障礙者發展協會,(02)25429529,大同區,承德路3段24巷16號對面人行道樹旁,,121.5174622,25.06439175
882,臺北市障礙者發展協會,(02)25429529,大同區,大龍街27號旁（變電箱旁）,,121.5160557,25.06397866
883,臺北市障礙者發展協會,(02)25429529,大同區,錦西街50號對面,,121.520008,25.06047834
884,臺北市障礙者發展協會,(02)25429529,士林區,社中街346巷3弄27號旁,,121.5036819,25.09311535
885,臺北市障礙者發展協會,(02)25429529,大同區,塔城街24巷1號旁,,121.510198,25.05107235
886,臺北市障礙者發展協會,(02)25429529,萬華區,西寧南路與洛陽街口,,121.5072849,25.04766956
887,臺北市障礙者發展協會,(02)25429529,大同區,長安西路342-1號交通號誌旁,,121.5101645,25.05214741
888,臺北市障礙者發展協會,(02)25429529,大同區,大龍街91巷7號對面路燈旁,,121.5164797,25.06761509
889,臺北市障礙者發展協會,(02)25429529,大同區,民權西路102巷4弄口,,121.5167039,25.06174497
890,臺北市障礙者發展協會,(02)25429529,大同區,涼州街與寧夏路口（變電箱旁）,,121.5143196,25.06106084
891,臺北市障礙者發展協會,(02)25429529,萬華區,莒光路210號前（變電箱旁）,,121.5025162,25.03144708
892,臺北市障礙者發展協會,(02)25429529,松山區,南京東路5段66巷與光復北路11巷交叉口,,121.5607866,25.05040846
893,臺北市障礙者發展協會,(02)25429529,松山區,光復南路11巷與吉祥路交叉口,,121.557571,25.05064907
894,臺北市障礙者發展協會,(02)25429529,松山區,八德路4段106巷2弄2號對面,,121.5609561,25.04812328
895,臺北市障礙者發展協會,(02)25429529,松山區,光復北路165巷口(85度C對面),,121.5609561,25.04812328
896,臺北市障礙者發展協會,(02)25429529,松山區,延壽街406號對面,,121.5570211,25.0562084
897,臺北市障礙者發展協會,(02)25429529,松山區,南京東路5段23巷1號旁,,121.5579743,25.05202073
898,臺北市障礙者發展協會,(02)25429529,文山區,景興路97巷旁,,121.5452835,24.99543739
899,臺北市障礙者發展協會,(02)25429529,松山區,南京東路5段23巷6弄29號對面,,121.5590612,25.0521873
900,臺北市障礙者發展協會,(02)25429529,松山區,光復北路100巷33號旁,,121.5565171,25.0506378
901,台北市視障者福利發展協會,(02)25912695,大同區,敦煌路74巷口,,121.5179926,25.07565072
902,台北市視障者福利發展協會,(02)25912695,中正區,廈門街61號旁,,121.5175539,25.02544188
903,台北市視障者福利發展協會,(02)25912695,萬華區,莒光路153巷口(人行道上),,121.5029434,25.0305993
904,台北市視障者福利發展協會,(02)25912695,萬華區,莒光路299巷口(電器設備旁),,121.499195,25.0304387
905,台北市視障者福利發展協會,(02)25912695,萬華區,莒光路與萬大路口,,121.5006661,25.03135069
906,台北市視障者福利發展協會,(02)25912695,松山區,八德路4段245巷37號對面,,121.5643948,25.05092787
907,台北市視障者福利發展協會,(02)25912695,信義區,虎林街247號對面,,121.5774431,25.03729086
908,台北市視障者福利發展協會,(02)25912695,大安區,新生南路3段19巷32號與34號中間,,121.5360759,25.02514331
909,台北市視障者福利發展協會,(02)25912695,大安區,羅斯福路4段119巷20號對面,,121.5379151,25.01079057
910,台北市視障者福利發展協會,(02)25912695,南港區,玉成街201巷與成福路交叉口電桿旁,,121.5862961,25.04511365
911,台北市視障者福利發展協會,(02)25912695,中山區,雙城街10巷6號,,121.5241938,25.06413099
912,台北市視障者福利發展協會,(02)25912695,南港區,興中路與重陽路交叉口,,121.6067527,25.0577372
913,台北市視障者福利發展協會,(02)25912695,中山區,松江路252巷5號斜對面（圍牆邊）,,121.5323588,25.05937287
914,台北市視障者福利發展協會,(02)25912695,大同區,哈密街59巷29號對面,,121.5158941,25.07519244
915,台北市視障者福利發展協會,(02)25912695,信義區,忠孝東路5段236巷37弄對面公園變電箱邊人行道,,121.5740363,25.0378628
916,台北市視障者福利發展協會,(02)25912695,大同區,承德路3段143巷21號對面(電氣設備旁),,121.5195894,25.0679664
917,台北市視障者福利發展協會,(02)25912695,中山區,北安路670巷14號旁（公布欄邊）,,121.5498695,25.08418234
918,台北市視障者福利發展協會,(02)25912695,大安區,和平東路2段76巷23弄1號對面（電器設備與路燈中間）,,121.5392689,25.02294689
919,台北市視障者福利發展協會,(02)25912695,大安區,建國南路2段296號旁人行道,,121.5371607,25.02453803
920,台北市視障者福利發展協會,(02)25912695,文山區,秀明路2段15號對面變電箱旁,,121.5752676,24.9924339
921,台北市視障者福利發展協會,(02)25912695,文山區,秀明路2段114號前,,121.576822,24.99047676
926,台北市啟明權益促進會,(02)28978300,士林區,前港街110巷對面電箱旁,,121.5162085,25.0850221
927,台北市啟明權益促進會,(02)28978300,士林區,通河東街1段105巷口迴轉道旁(106號斜對面),,121.514295,25.0852018
928,台北市啟明權益促進會,(02)28978300,士林區,通河東街1段168號對面迴轉道旁,,121.5135834,25.0880587
929,台北市啟明權益促進會,(02)28978300,大安區,和平東路2段96巷12之3號對面,,121.5386092,25.0229611
930,台北市啟明權益促進會,(02)28978300,大安區,仁愛路3段24巷3號對面,,121.5335294,25.036223
931,台北市啟明權益促進會,(02)28978300,大安區,建國南路1段307巷口,,121.5206678,25.0397262
932,台北市啟明權益促進會,(02)28978300,中正區,金山南路1段79巷與臨沂街63巷口,,121.5230405,25.033113
933,台北市啟明權益促進會,(02)28978300,中正區,信義路2段243巷電箱邊,,121.5099082,25.0331605
934,台北市啟明權益促進會,(02)28978300,內湖區,康寧路1段195巷口,,121.5940007,25.0730577
935,台北市啟明權益促進會,(02)28978300,內湖區,陽光街68巷102弄2號對面,,121.5817781,25.0758803
936,台北市啟明權益促進會,(02)28978300,內湖區,東湖路121號119巷口,,121.6142274,25.0683056
937,台北市啟明權益促進會,(02)28978300,內湖區,內湖路2段263巷4號右側,,121.5878676,25.0825765
938,台北市啟明權益促進會,(02)28978300,內湖區,民權東路6段280巷與康寧路3段56巷交叉口,,121.6070282,25.0689655
939,台北市啟明權益促進會,(02)28978300,內湖區,內湖路3段173巷口電桿旁(175號旁),,121.5872,25.0875469
940,台北市啟明權益促進會,(02)28978300,內湖區,內湖路3段191巷18號旁公佈欄邊,,121.5863782,25.0878257
941,台北市啟明權益促進會,(02)28978300,內湖區,成功路4段324巷電桿邊,,121.5965409,25.0857395
942,台北市啟明權益促進會,(02)28978300,內湖區,金湖路31號旁公佈欄旁,,121.5899748,25.0857636
943,台北市啟明權益促進會,(02)28978300,內湖區,康樂街110巷電箱旁,,121.600082,25.0739915
944,台北市啟明權益促進會,(02)28978300,北投區,明德路118巷口,,121.5119847,25.1097059
946,台北市啟明權益促進會,(02)28978300,信義區,福德街308巷對面309巷口人行道,,121.5852436,25.0393735
947,台北市啟明權益促進會,(02)28978300,信義區,福德街268巷34之2號電桿下,,121.5836217,25.039474
948,台北市啟明權益促進會,(02)28978300,南港區,興中路20號對面,,121.6050001,25.0551785
949,台北市啟明權益促進會,(02)28978300,南港區,南港路1段137巷口,,121.6117279,25.0547919
950,台北市啟明權益促進會,(02)28978300,南港區,重陽路與園區街大樹旁,,121.5966326,25.0592783
951,台北市視障多元就業促進會,(02)25991234 ,士林區,中山北路7段154巷3號對面電線桿旁,,121.5306815,25.1241304
952,台北市視障多元就業促進會,(02)25991234 ,大同區,蘭州街89巷1弄蘭州公園電線桿旁,,121.5131963,25.0640098
953,台北市視障多元就業促進會,(02)25991234 ,大同區,大龍街94號旁,,211.513734,25.0665618
954,台北市視障多元就業促進會,(02)25991234 ,士林區,德行東路104巷9弄11號前電桿旁,,121.5270048,25.1069301
955,台北市視障多元就業促進會,(02)25991234 ,南港區,重陽路504巷1弄1號旁,,121.6101239,25.0606126
956,台北市視障多元就業促進會,(02)25991234 ,南港區,三重路41巷43號燈桿旁,,121.61192,25.0599106
957,台北市視障多元就業促進會,(02)25991234 ,南港區,永吉路605號電箱旁,,121.5801863,25.0455439
958,台北市視障多元就業促進會,(02)25991234 ,南港區,玉成街69號(人行道前),,121.579673,25.0488463
959,台北市視障多元就業促進會,(02)25991234 ,南港區,興南街64巷與東明街電桿旁,,121.60199,25.05567
960,台北市視障多元就業促進會,(02)25991234 ,南港區,重陽路218-1號斜對面電信箱旁,,121.6010348,25.0575467
961,台北市視障多元就業促進會,(02)25991234 ,南港區,惠民街7號(對面迴轉鏡旁),,121.6081923,25.055725
962,台北市視障多元就業促進會,(02)25991234 ,南港區,忠孝東路6段370巷1號(對面人行道上),,121.5896353,25.0495918
963,台北市視障多元就業促進會,(02)25991234 ,松山區,南京東路4段53巷5弄口,,121.5467569,25.0528277
964,台北市視障多元就業促進會,(02)25991234 ,松山區,八德路3段156號旁電箱左側,,121.55506,25.04796
965,台北市視障多元就業促進會,(02)25991234 ,南港區,永吉路553巷與中坡北路40巷交叉口燈桿旁,,121.58154,25.04592
967,台北市視障多元就業促進會,(02)25991234 ,士林區,華齡街196號對面電線桿旁,,121.51983,25.08793
968,台北市視障多元就業促進會,(02)25991234 ,大同區,承德路3段179號旁,,121.51871,25.06917
969,台北市視障多元就業促進會,(02)25991234 ,中山區,建國北路3段22巷(民權東路2段135巷口),,121.5314184,25.0624322
970,台北市視障多元就業促進會,(02)25991234 ,中山區,農安街166巷口,,121.5314184,25.0624706
971,台北市視障多元就業促進會,(02)25991234 ,文山區,萬慶街22-2號斜對面燈桿旁,,121.5373882,24.9928366
972,台北市視障多元就業促進會,(02)25991234 ,大同區,重慶北路3段189號旁,,121.51398,25.06936
973,台北市視障多元就業促進會,(02)25991234 ,文山區,景福街133巷40號前燈桿,,121.5350147,24.9955037
974,台北市視障多元就業促進會,(02)25991234 ,南港區,南港路1段185號對面公佈欄(興南宮後方),,121.61255,25.05519
975,台北市視障多元就業促進會,(02)25991234 ,南港區,東明街97巷5號斜對面(里活動中心旁),,121.6011,25.05493
976,台北市艾馨公益慈善會,(02)23360896,大安區,羅斯福路2段101巷口,,121.31285,25.01294
977,台北市艾馨公益慈善會,(02)23360896,士林區,德行東路365巷口,,121.538874,25.110658
978,台北市艾馨公益慈善會,(02)23360896,士林區,忠誠路1段173巷38號旁,,121.538938,25.110575
979,台北市艾馨公益慈善會,(02)23360896,信義區,信義路6段76巷2弄22號,,121.576027,25.034294
980,台北市艾馨公益慈善會,(02)23360896,信義區,松山路655號左側路燈下,,121.579908,25.035193
981,台北市艾馨公益慈善會,(02)23360896,大安區,樂業街188號路燈桿旁,,121.554294,"25.018760
"
982,台北市艾馨公益慈善會,(02)23360896,士林區,社中街214號電信箱旁,,121.508602,25.091121
983,台北市艾馨公益慈善會,(02)23360896,信義區,忠孝東路5段71巷口(忠孝東路5段31巷18弄),,121.567282,25.041589
984,台北市艾馨公益慈善會,(02)23360896,信義區,松德路271號(對面電箱邊),,121.574564,"25.032890
"
985,台北市艾馨公益慈善會,(02)23360896,信義區,永吉街321巷28號(斜對面路燈下),,121.575499,"25.046553
"
986,台北市艾馨公益慈善會,(02)23360896,信義區,松隆路215巷4弄底圍牆邊,,121.576578,25.048676
987,台北市艾馨公益慈善會,(02)23360896,大安區,樂業街41巷14號,,121.550363,25.023247
988,台北市艾馨公益慈善會,(02)23360896,信義區,松仁路95巷20號旁(安康公園內),,"121.570333
",25.036431
989,台北市艾馨公益慈善會,(02)23360896,信義區,松山路650巷15弄(永春高中對面圍牆邊),,121.579066,"25.032782
"
990,台北市艾馨公益慈善會,(02)23360896,信義區,永吉路468巷48號對面,,121.578893,"25.044365
"
991,台北市艾馨公益慈善會,(02)23360896,信義區,忠孝東路5段790巷20弄11號(電線杆邊),,121.581595,25.042674
992,台北市艾馨公益慈善會,(02)23360896,中山區,吉林路456巷(巷口路燈下),,121.529506,25.067015
993,台北市艾馨公益慈善會,(02)23360896,中山區,北安路649號旁,,121.549134,"25.084118
"
994,台北市艾馨公益慈善會,(02)23360896,大安區,基隆路2段209巷口電線杆旁,,121.551492,"25.023275
"
995,台北市艾馨公益慈善會,(02)23360896,大安區,仁愛路4段345巷15弄2號旁,,121.554111,"25.038938
"
996,台北市艾馨公益慈善會,(02)23360896,大安區,師大路102巷24號旁,,121.52755,"25.022075
"
997,台北市艾馨公益慈善會,(02)23360896,大安區,樂業街41巷14號,,121.5503434,25.02324855
998,台北市艾馨公益慈善會,(02)23360896,大安區,延吉街72號旁(7-11超商的招牌下),,121.554192,"25.042475
"
999,台北市艾馨公益慈善會,(02)23360896,大安區,延吉街62巷6弄2號對面,,121.553859,"25.043538
"
1000,台北市艾馨公益慈善會,(02)23360896,大安區,師大路64號斜對面綠地,,121.5283,25.024395
1001,台北市身障體育發展協會,0910-111-255,信義區,嘉興街181巷9弄13號轉角,,121.5569924,25.02640251
1002,台北市身障體育發展協會,0910-111-255,文山區,景興路42巷口,,121.5447,24.99722
1003,台北市身障體育發展協會,0910-111-255,文山區,溪洲街137巷94號右邊電桿旁,,121.5334254,25.0000803
1004,台北市身障體育發展協會,0910-111-255,文山區,景福街123號右邊,,121.5341017,24.9966699
1005,台北市身障體育發展協會,0910-111-255,文山區,羅斯福路5段236巷左邊,,121.5275356,24.9966696
1006,台北市身障體育發展協會,0910-111-255,文山區,羅斯福路5段218巷39號左邊,,121.5369625,25.0020813
1007,台北市身障體育發展協會,0910-111-255,文山區,木新路3段310巷口陸橋旁,,121.5347527,25.0020398
1008,台北市身障體育發展協會,0910-111-255,文山區,汀州路4段209號左前方,,121.5336854,25.0031581
1009,台北市身障體育發展協會,0910-111-255,文山區,景福街54巷口,,121.5358038,24.9995314
1010,台北市身障體育發展協會,0910-111-255,文山區,景福街43號對面,,121.5349744,24.9983915
1011,台北市身障體育發展協會,0910-111-255,文山區,木柵路1段294巷中山村巷口,,121.5565942,24.98848008
1012,台北市身障體育發展協會,0910-111-255,文山區,溪口街1巷口,,121.5385446,24.9939893
1013,台北市身障體育發展協會,0910-111-255,文山區,羅斯福路6段142巷20弄2-3號旁(公佈欄旁),,121.5373103,24.9969535
1014,台北市身障體育發展協會,0910-111-255,文山區,羅斯福路6段142巷20弄19號對面(電信箱旁),,121.5373067,24.9973457
1015,台北市身障體育發展協會,0910-111-255,文山區,景福街3巷31號對面(變電箱旁),,121.5376289,24.9982913
1016,台北市身障體育發展協會,0910-111-255,文山區,溪口街66巷7號左邊(電線桿旁),,121.5372662,24.9959515
1017,台北市身障體育發展協會,0910-111-255,文山區,景福街175巷口,,121.5373838,24.9965883
1018,台北市身障體育發展協會,0910-111-255,大同區,重慶北路3段312巷18號對面電信箱旁,,121.513023,25.0740948
1019,台北市身障體育發展協會,0910-111-255,大同區,延平北路4段294巷口,,121.5076933,25.0776337
1020,台北市身障體育發展協會,0910-111-255,士林區,至善路2段132號右邊電桿旁,,121.513023,25.0740948
1021,台北市身障體育發展協會,0910-111-255,士林區,故宮路49號右邊電桿旁,,121.5076933,25.0776337
1022,台北市身障體育發展協會,0910-111-255,士林區,天母北路87巷22弄25號對面兩支電桿中間,,121.5218329,25.1139032
1023,台北市身障體育發展協會,0910-111-255,士林區,中山北路7段181巷6號對面,,121.5299949,25.1247069
1026,台北市身心障礙者自立更生創業協會,(02)27099961,中正區,臨沂街57巷40號電桿旁,,121.53145,25.03749
1027,台北市身心障礙者自立更生創業協會,(02)27099961,中山區,北安路575號旁電桿旁邊,,121.54848,25.08163
1028,台北市身心障礙者自立更生創業協會,(02)27099961,中山區,北安路819號之1對面郵筒旁,,121.5562,25.08517
1029,台北市身心障礙者自立更生創業協會,(02)27099961,中山區,龍江路12-1號旁,,121.54025,25.04802
1030,台北市身心障礙者自立更生創業協會,(02)27099961,信義區,富陽街72巷口,,121.55577,25.0023
1031,台北市身心障礙者自立更生創業協會,(02)27099961,大安區,和平東路2段311巷36號對面電箱旁,,121.54506,25.02599
1032,台北市身心障礙者自立更生創業協會,(02)27099961,大安區,和平東路2段265巷42號前電燈桿旁,,121.54395,25.0273
1033,台北市身心障礙者自立更生創業協會,(02)27099961,大安區,安東街40巷1號對面,,121.54227,25.04445
1034,台北市身心障礙者自立更生創業協會,(02)27099961,大安區,忠孝東路3段251巷2弄1號對面,,121.54161,25.0423
1035,台北市身心障礙者自立更生創業協會,(02)27099961,大安區,信義路3段147巷15弄27號邊,,121.54309,25.03538
1036,台北市身心障礙者自立更生創業協會,(02)27099961,大安區,富陽街180巷與臥龍街272巷（慈仁八村門口）,,121.55693,25.01721
1037,台北市身心障礙者自立更生創業協會,(02)27099961,北投區,大興街24巷口,,121.49882,25.12942
1038,台北市身心障礙者自立更生創業協會,(02)27099961,信義區,松智路39巷口人行道,,121.56559,25.02987
1039,台北市身心障礙者自立更生創業協會,(02)27099961,信義區,福德街251巷口電信箱旁,,121.58902,25.03495
1040,台北市身心障礙者自立更生創業協會,(02)27099961,大安區,樂業街87號右側後,,121.5515792,25.02164064
1041,台北市身心障礙者自立更生創業協會,(02)27099961,大安區,復興南路1段107巷8號旁,,121.54473,25.04383
1042,台北市身心障礙者自立更生創業協會,(02)27099961,大安區,潮州街55巷告示牌旁,,121.5241,25.03025
1043,台北市身心障礙者自立更生創業協會,(02)27099961,松山區,健康路與三民路(西松公園電箱旁),,121.56391,25.05475
1044,台北市身心障礙者自立更生創業協會,(02)27099961,大安區,和平東路3段308巷15弄與31弄公園,,121.57919,25.04592
1045,台北市身心障礙者自立更生創業協會,(02)27099961,松山區,民權東路3段191巷29號電線桿旁,,121.54754,25.06345
1046,台北市身心障礙者自立更生創業協會,(02)27099961,松山區,民生東路4段80巷4號旁公園電箱旁,,121.55294,25.05737
1047,台北市身心障礙者自立更生創業協會,(02)27099961,大安區,安居街35巷口與46巷口對面,,121.5528,25.0194
1048,台北市身心障礙者自立更生創業協會,(02)27099961,大安區,杭州南路2段67號前電箱旁,,121.55549,25.02153
1049,台北市身心障礙者自立更生創業協會,(02)27099961,大安區,和平東路3段260號與安居街公佈欄旁,,121.55549,25.02153
1050,台北市身心障礙者自立更生創業協會,(02)27099961,松山區,民生東路4段56巷底,,121.5516427,25.056845
1051,台北市身障就業發展協會,0910-111-255,南港區,富康街47巷16號對面,,121.6177669,25.05306893
1076,臺北市至善無障愛關懷協會,(02)27096731,大安區,通化街165巷口電線桿旁,,121.5537667,25.028486
1077,臺北市至善無障愛關懷協會,(02)27096731,內湖區,江南街71巷16弄41號旁,,121.5770916,25.07571805
1078,臺北市至善無障愛關懷協會,(02)27096731,內湖區,江南街65巷16弄口,,121.5785727,25.07709087
1079,臺北市至善無障愛關懷協會,(02)27096731,內湖區,江南街19號對面,,121.5784861,25.07817575
1080,臺北市至善無障愛關懷協會,(02)27096731,中山區,八德路2段210巷10號斜對面公佈告欄,,121.5393934,25.0454078
1081,臺北市至善無障愛關懷協會,(02)27096731,中山區,八德路2段266號電箱旁(中影八德大樓旁),,121.541123,25.04686
1082,臺北市至善無障愛關懷協會,(02)27096731,大安區,敦化南路2段81巷46號前,,121.5514374,25.02988479
1083,臺北市至善無障愛關懷協會,(02)27096731,士林區,通河西街2段140號對面,,121.505705,25.09321156
1084,臺北市至善無障愛關懷協會,(02)27096731,士林區,美崙街152巷與美崙街交叉口右側反射鏡旁,,121.5196892,25.09695549
1085,臺北市至善無障愛關懷協會,(02)27096731,士林區,德行東路90巷23號旁及90巷21弄口,,121.5280412,25.1066444
1086,臺北市至善無障愛關懷協會,(02)27096731,信義區,忠孝東路5段275巷與虎林街120巷交叉路燈設備旁,,121.5712828,25.04224436
1087,臺北市至善無障愛關懷協會,(02)27096731,士林區,基河路311號斜對面258號人行道右側,,121.5202034,25.09338617
1088,臺北市至善無障愛關懷協會,(02)27096731,士林區,文林路421巷6號電線桿旁,,121.5244008,25.09430374
1089,臺北市至善無障愛關懷協會,(02)27096731,士林區,德行東路132巷1弄口電線桿下,,121.5291909,25.10771753
1090,臺北市至善無障愛關懷協會,(02)27096731,士林區,士商路57號旁,,121.5197716,25.09115663
1091,臺北市至善無障愛關懷協會,(02)27096731,士林區,延平北路6段202號旁路燈,,121.5053203,25.08945534
1092,臺北市至善無障愛關懷協會,(02)27096731,士林區,延平北路6段258巷與社中街口,,121.5029036,25.09193175
1093,臺北市至善無障愛關懷協會,(02)27096731,士林區,永平街82號對面,,121.5050167,25.09169826
1094,臺北市至善無障愛關懷協會,(02)27096731,大安區,通化街171巷22弄口,,121.6022222,25.08722222
1095,臺北市至善無障愛關懷協會,(02)27096731,大安區,延吉街261號之3電桿旁,,121.555466,25.023333
1096,臺北市至善無障愛關懷協會,(02)27096731,中山區,松江路63巷18號對面,,121.560341,25.017195
1097,臺北市至善無障愛關懷協會,(02)27096731,中山區,伊通街39號,,121.559359,25.0209605
1098,臺北市至善無障愛關懷協會,(02)27096731,信義區,和平東路3段391巷56號斜對面(花圃旁),,121.593447,25.048173
1099,臺北市至善無障愛關懷協會,(02)27096731,中山區,民族東路512巷26號對面,,121.607197,25.056091
1100,臺北市至善無障愛關懷協會,(02)27096731,中山區,龍江路331巷1號,,121.495375,25.028656
1101,台北市身心障礙運動體育會,(02)25975091,文山區,辛亥路4段166巷26弄興泰公園旁,,121.55591,25.00496
1102,台北市身心障礙運動體育會,(02)25975091,文山區,興隆路3段36巷17弄1號旁,,121.55506,24.99959
1103,台北市身心障礙運動體育會,(02)25975091,文山區,羅斯福路5段255之1號後巷,,121.53993,25.00147
1104,台北市身心障礙運動體育會,(02)25975091,大安區,光復南路348號前,,121.55746,25.03831
1105,台北市身心障礙運動體育會,(02)25975091,大安區,仁愛路3段20巷12號對面,,121.53429,25.03626
1106,台北市身心障礙運動體育會,(02)25975091,大安區,新生南路1段161巷8之1號旁,,121.53452,25.03453
1107,台北市身心障礙運動體育會,(02)25975091,大安區,建國南路1段304巷33號對面,,121.53583,25.03564
1108,台北市身心障礙運動體育會,(02)25975091,大安區,建國南路1段258巷5號對面,,121.53075,25.03686
1109,台北市身心障礙運動體育會,(02)25975091,大安區,新生南路1段161巷底,,121.53744,25.03458
1110,台北市身心障礙運動體育會,(02)25975091,大安區,光復南路346巷底,,121.55542,25.03841
1111,台北市身心障礙運動體育會,(02)25975091,大安區,復興南路2段12巷1號對面,,121.54333,25.03272
1112,台北市身心障礙運動體育會,(02)25975091,中山區,林森北路與民權東路1段口樹旁,,121.52574,25.06318
1113,台北市身心障礙運動體育會,(02)25975091,文山區,三福街2號旁,,121.54158,24.99599
1114,台北市身心障礙運動體育會,(02)25975091,大安區,通安街5號前,,121.55339,25.03272
1115,台北市身心障礙運動體育會,(02)25975091,大安區,通化街171巷2號對面,,121.55374,25.02809
1116,台北市身心障礙運動體育會,(02)25975091,大安區,基隆路2段132巷2號旁,,121.55666,25.02881
1126,台北市身心障礙者保護協會,(02)25975091,文山區,萬慶街8號對面2桿間,,121.54023,24.99222
1127,台北市身心障礙者保護協會,(02)25975091,文山區,羅斯福路6段276巷底,,121.53841,24.99176
1128,台北市身心障礙者保護協會,(02)25975091,文山區,辛亥路4段77巷1~15號前,,121.55973,25.00738
1129,台北市身心障礙者保護協會,(02)25975091,文山區,景華街128巷2弄口,,121.54701,24.99562
1130,台北市身心障礙者保護協會,(02)25975091,大安區,臥龍街26號對面,,121.54689,25.02297
1131,台北市身心障礙者保護協會,(02)25975091,大安區,潮州街107巷14號對面,,121.52776,25.02972
1132,台北市身心障礙者保護協會,(02)25975091,大安區,麗水街33巷15號對面,,121.52944,25.02796
1133,台北市身心障礙者保護協會,(02)25975091,大安區,仁愛路3段123巷13弄與復興南路1段196巷交口,,121.54312,25.03988
1134,台北市身心障礙者保護協會,(02)25975091,大安區,光復南路240巷23號前,,121.55659,25.04065
1135,台北市身心障礙者保護協會,(02)25975091,信義區,吳興街524巷口,,121.56901,25.02191
1136,台北市身心障礙者保護協會,(02)25975091,信義區,忠孝東路5段372巷2號旁,,121.57394,25.04034
1137,台北市身心障礙者保護協會,(02)25975091,士林區,中正路志成路口,,121.53014,25.09632
1138,台北市身心障礙者保護協會,(02)25975091,中正區,寧波東路9巷口2桿間,,121.52002,25.03266
1139,台北市身心障礙者保護協會,(02)25975091,萬華區,環河南路2段250巷28弄38號公園旁,,121.49233,25.03415
1140,台北市身心障礙者保護協會,(02)25975091,大安區,復興南路1段135巷底公園旁,,121.54604,25.04263
1141,台北市身心障礙者保護協會,(02)25975091,南港區,東新街80巷10弄20號對面佈告欄旁,,121.58643,25.04556
1142,台北市身心障礙者保護協會,(02)25975091,南港區,成福路121巷24號電桿旁,,121.58806,25.04226
1151,台北市身心障礙者權益促進會,(02)25975091,文山區,指南路1段14巷3號旁,,121.56913,24.98709
1152,台北市身心障礙者權益促進會,(02)25975091,文山區,木新路2段96號對面,,121.57051,24.98507
1153,台北市身心障礙者權益促進會,(02)25975091,文山區,保儀路109巷口,,121.56801,24.98624
1154,台北市身心障礙者權益促進會,(02)25975091,文山區,興隆路3段192巷口,,121.55872,24.99799
1155,台北市身心障礙者權益促進會,(02)25975091,文山區,福興路21巷口,,121.55131,25.00269
1156,台北市身心障礙者權益促進會,(02)25975091,文山區,興隆路2段301巷口內桿邊,,121.55329,25.00158
1157,台北市身心障礙者權益促進會,(02)25975091,文山區,萬隆街2號對面2桿間,,121.53927,25.00044
1158,台北市身心障礙者權益促進會,(02)25975091,文山區,景隆街36巷2號對面公園路燈旁,,121.54325,24.99894
1159,台北市身心障礙者權益促進會,(02)25975091,文山區,景華街52巷7號對面,,121.54375,24.99444
1160,台北市身心障礙者權益促進會,(02)25975091,文山區,景興街42巷8弄口對面樹邊 ,,121.54285,24.99683
1161,台北市身心障礙者權益促進會,(02)25975091,大安區,龍泉街93巷口,,121.52921,25.02185
1162,台北市身心障礙者權益促進會,(02)25975091,大安區,光復南路280巷24號旁(前),,121.55658,25.04001
1163,台北市身心障礙者權益促進會,(02)25975091,北投區,榮華一路20巷口,,121.52299,25.11149
1164,台北市身心障礙者權益促進會,(02)25975091,松山區,光復南路32巷1之1號臺電電箱右側,,121.55741,25.04668
1165,台北市身心障礙者權益促進會,(02)25975091,大安區,延吉街233巷口,,121.55566,25.03702
1166,台北市身心障礙者權益促進會,(02)25975091,南港區,福德街373巷41號對面,,121.59247,25.03875
1167,台北市身心障礙者權益促進會,(02)25975091,松山區,八德路3段74巷43號旁,,121.55257,25.04622
1176,臺北市身障關愛福利協會,0933-494-219,信義區,虎林街70巷底(永吉路326巷21號旁),,121.5754656,25.0444656
1177,臺北市身障關愛福利協會,0933-494-219,信義區,信義區虎林街74巷12號(停車場口),,121.5762938,25.0439047
1178,臺北市身障關愛福利協會,0933-494-219,信義區,松山路292巷口(紅色郵筒旁),,121.5777021,25.0433893
1179,臺北市身障關愛福利協會,0933-494-219,士林區,中山北路5段777巷口(中山北路5段775號對面河堤樓梯旁),,121.5261389,25.09950504
1180,臺北市身障關愛福利協會,0933-494-219,中山區,龍江路120巷如意新村圍牆外登桿旁,,121.5392346,25.05340414
1181,臺北市身障關愛福利協會,0933-494-219,信義區,忠孝東路5段236巷3弄口側門圍牆邊,,121.5719259,25.04041795
1182,臺北市身障關愛福利協會,0933-494-219,大安區,安和路二段23巷口左側側面燈桿旁,,121.5526585,25.0321278
1183,臺北市身障關愛福利協會,0933-494-219,大安區,安和路二段71巷口左側,,121.5524143,25.03037285
1184,臺北市身障關愛福利協會,0933-494-219,大安區,敦化南路1段295巷4號對面電桿下,,121.5495155,25.03550715
1185,臺北市身障關愛福利協會,0933-494-219,中山區,北安路821巷4弄底(樓梯入口前人行道左側) ,,121.5555664,25.08579155
1186,臺北市身障關愛福利協會,0933-494-219,中山區,新生北路3段3巷17號對面路燈下,,121.5282327,25.06317371
1187,臺北市身障關愛福利協會,0933-494-219,大安區,忠孝東路4段216巷27弄16號對面,,121.5540415,25.03992438
1188,臺北市身障關愛福利協會,0933-494-219,大安區,忠孝東路4段216巷11弄口路名牌前,,121.5530256,25.04079224
1189,臺北市身障關愛福利協會,0933-494-219,士林區,大南路388巷口,,121.5161738,25.08927429
1190,臺北市身障關愛福利協會,0933-494-219,士林區,大南路428巷口布告欄旁,,121.5182894,25.08945427
1191,臺北市身障關愛福利協會,0933-494-219,士林區,承德路4段266巷2號旁,,121.5200441,25.08923433
1192,臺北市身障關愛福利協會,0933-494-219,中正區,金山南路1段89巷口,,121.5278114,25.03619012
1193,臺北市身障關愛福利協會,0933-494-219,中山區,安東街16巷18弄口電桿下,,121.5407551,25.04531642
1194,臺北市身障福利發展協會,(02)25912695,中山區,遼寧街132號對面路燈桿前,,121.5421017,25.05357838
1195,臺北市身障福利發展協會,(02)25912695,中山區,遼寧街133號對面路燈桿前,,121.5420047,25.05207105
1196,臺北市身障福利發展協會,(02)25912695,內湖區,康寧路3段70巷135號對面公園布告欄旁,,121.608684,25.0667995
1197,臺北市身障福利發展協會,(02)25912695,中山區,民生東路3段與合江街口,,121.5392086,25.05773187
1198,臺北市身障福利發展協會,(02)25912695,士林區,士東路266巷15弄口(士林芝山郵局對面),,121.5374631,25.1113301
1199,臺北市身障福利發展協會,(02)25912695,士林區,承德路4段10巷底公布欄旁,,121.5185094,25.08087661
1200,臺北市身障福利發展協會,(02)25912695,大安區,富陽街157巷口電箱旁,,121.5578788,25.01775523
1201,臺北市身障福利發展協會,(02)25912695,大安區,臥龍街254號對面(加油站電箱旁),,121.5572649,25.018506
1202,臺北市身障福利發展協會,(02)25912695,士林區,重慶北路4段1巷15弄口,,121.5123248,25.0795897
1203,臺北市身障福利發展協會,(02)25912695,中山區,合江街20巷口公園,,121.5390577,25.10419386
1204,臺北市身障福利發展協會,(02)25912695,大安區,通化街39巷變電箱旁邊,,121.5544259,25.0309254
1205,臺北市身障福利發展協會,(02)25912695,大安區,光復南路676巷2號對面,,121.5570789,25.03056536
1206,臺北市身障福利發展協會,(02)25912695,士林區,中山北路7段207巷口,,121.5327817,25.12587333
1207,臺北市身障福利發展協會,(02)25912695,士林區,天母北路72巷口電線桿下,,121.5264973,25.12329192
1208,臺北市身障福利發展協會,(02)25912695,士林區,文林路77號對面,,121.5260163,25.08751833
1209,臺北市身障福利發展協會,(02)25912695,士林區,福港街18巷15號對面,,121.5175386,25.09082717
1210,臺北市身障福利發展協會,(02)25912695,北投區,中和街63號對面,,121.501925,25.13890696
1211,臺北市身障福利發展協會,(02)25912695,中山區,興安公園西北角,,121.5415543,25.05608018
1212,臺北市身障者關懷服務協進會,(02)26886212,文山區,指南路3段15號對面牆邊,,121.58002,24.98501
1213,臺北市身障者關懷服務協進會,(02)26886212,文山區,興隆路2段233巷底,,121.55034,25.00224
1214,臺北市身障者關懷服務協進會,(02)26886212,文山區,興隆路4段96巷4弄口燈桿邊,,121.56138,24.98329
1215,臺北市身障者關懷服務協進會,(02)26886212,文山區,忠順街1段48巷5弄2號前,,121.56025,24.98367
1216,臺北市身障者關懷服務協進會,(02)26886212,文山區,羅斯福路5段150巷底,,121.53763,25.00771
1217,臺北市身障者關懷服務協進會,(02)26886212,文山區,汀州路4段105巷口,,121.53654,25.00659
1218,臺北市身障者關懷服務協進會,(02)26886212,信義區,永吉路225巷52弄19號對面公園邊,,121.57356,25.04741
1219,臺北市身障者關懷服務協進會,(02)26886212,信義區,永吉路187巷4弄2號邊,,121.57277,25.04621
1220,臺北市身障者關懷服務協進會,(02)26886212,信義區,永吉路225巷2弄口,,121.57416,25.04585
1221,臺北市身障者關懷服務協進會,(02)26886212,信義區,永吉路225巷1弄47號邊,,121.57546,25.04594
1222,臺北市身障者關懷服務協進會,(02)26886212,信義區,松仁路240巷2號對面,,121.56934,25.02473
1223,臺北市身障者關懷服務協進會,(02)26886212,信義區,忠孝東路4段559巷16弄21號對面桿邊,,121.56448,25.04241
1224,臺北市身障者關懷服務協進會,(02)26886212,信義區,忠孝東路4段559巷底,,121.56376,25.04427
1225,臺北市身障者關懷服務協進會,(02)26886212,信義區,永吉路30巷125號旁桿邊,,121.56885,25.04274
1226,臺北市身障者關懷服務協進會,(02)26886212,士林區,中山北路7段154巷與146巷交口,,121.53324,25.12335
1227,臺北市身障者關懷服務協進會,(02)26886212,大安區,金山南路2段132巷口,,121.52637,25.02976
1228,臺北市身障者關懷服務協進會,(02)26886212,北投區,天母西路103號對面(振興公園內),,121.52362,25.11869
1229,臺北市身障者關懷服務協進會,(02)26886212,大安區,敦化南路1段236巷13號旁或1號前,,121.54812,25.04065
1230,台北市弱勢彩券聯合促進會,(02)23026138,松山區,八德路4段765號對面,,121.57796,25.05137
1231,台北市弱勢彩券聯合促進會,(02)23026138,中山區,龍江路五常街口(近五常國小),,121.54202,25.06398
1232,台北市弱勢彩券聯合促進會,(02)23026138,松山區,八德路4段與中坡北路口樹下,,121.57957,25.05045
1233,台北市弱勢彩券聯合促進會,(02)23026138,松山區,松河街190號對面,,121.57694,25.05156
1234,台北市弱勢彩券聯合促進會,(02)23026138,松山區,八德路4段598號旁變電箱下方,,121.61047,25.06857
1235,台北市弱勢彩券聯合促進會,(02)23026138,內湖區,民權東路6段296巷76號對面人行道燈桿旁,,121.53934,25.03416
1236,台北市弱勢彩券聯合促進會,(02)23026138,大安區,信義路3段111巷16弄口圍牆旁,,121.54206,25.03418
1237,台北市弱勢彩券聯合促進會,(02)23026138,中山區,龍江路與興安街口 ,,121.5405319,25.0563768
1238,台北市弱勢彩券聯合促進會,(02)23026138,中山區,龍江路與長春路口,,121.5403181,25.0547071
1239,台北市弱勢彩券聯合促進會,(02)23026138,中山區,北安路595巷口電桿下,,121.53207,25.05937
1240,台北市弱勢彩券聯合促進會,(02)23026138,中山區,民生東路2段115巷25弄14號對面公園桿子旁,,121.53253,25.06414
1241,台北市弱勢彩券聯合促進會,(02)23026138,中山區,松江路402巷7弄2號對面(變電箱旁),,121.53255,25.06433
1242,台北市弱勢彩券聯合促進會,(02)23026138,中山區,吉林路343巷口停車場旁,,121.53042,25.06437
1243,台北市弱勢彩券聯合促進會,(02)23026138,中山區,錦州街231巷口停車格旁,,121.53251,25.06132
1244,台北市弱勢彩券聯合促進會,(02)23026138,大安區,大安路1段175巷口,,121.5462726,25.03651365
1245,台北市弱勢彩券聯合促進會,(02)23026138,內湖區,金龍路153號旁,,121.5892938,25.08626705
1246,台北市弱勢彩券聯合促進會,(02)23026138,內湖區,金龍路13巷口,,121.59482,25.08469
1247,台北市弱勢彩券聯合促進會,(02)23026138,內湖區,成功路4段214巷口,,121.59496,25.09171
1248,臺北市身心障礙者健康關懷協會,(02)26886212,文山區,試院路104號對面,,121.54763,24.98994
1249,臺北市身心障礙者健康關懷協會,(02)26886212,文山區,木柵路1段191巷口,,121.55124,24.98801
1250,臺北市身心障礙者健康關懷協會,(02)26886212,文山區,辛亥路7段5巷口,,121.55242,24.98713
1251,臺北市身心障礙者健康關懷協會,(02)26886212,文山區,木柵路1段59巷口桿邊,,121.54603,24.98688
1252,臺北市身心障礙者健康關懷協會,(02)26886212,文山區,木柵路1段6號旁對面,,121.54598,24.98664
1253,臺北市身心障礙者健康關懷協會,(02)26886212,文山區,興隆路2段220巷31弄13號旁,,121.55321,25.00024
1254,臺北市身心障礙者健康關懷協會,(02)26886212,文山區,興隆路2段220巷55弄口對面,,121.55152,24.99966
1255,臺北市身心障礙者健康關懷協會,(02)26886212,文山區,辛亥路5段118巷口電氣設備邊,,121.55209,24.99736
1256,臺北市身心障礙者健康關懷協會,(02)26886212,文山區,福興路63巷4弄27號對面,,121.54919,25.00461
1257,臺北市身心障礙者健康關懷協會,(02)26886212,文山區,興隆路3段116巷3弄31號旁,,121.55708,24.99847
1258,臺北市身心障礙者健康關懷協會,(02)26886212,文山區,萬隆街62巷口,,121.53671,25.00092
1259,臺北市身心障礙者健康關懷協會,(02)26886212,大安區,敦化南路2段55巷6號對面,,121.54957,25.03144
1260,臺北市身心障礙者健康關懷協會,(02)26886212,文山區,羅斯福路6段159巷19號對面,,121.54229,24.99713
1261,臺北市身心障礙者健康關懷協會,(02)26886212,大安區,忠孝東路3段217巷1弄底,,121.53866,25.04236
1262,臺北市身心障礙者健康關懷協會,(02)26886212,大安區,金華街183巷6號對面機車格旁,,121.52724,25.03026
1263,臺北市身心障礙者健康關懷協會,(02)26886212,文山區,木新路3段95巷2弄2號邊,,121.56293,24.98175
1264,臺北市身心障礙者健康關懷協會,(02)26886212,大安區,敦化南路1段187巷4號旁,,121.54963,25.04251
1265,臺北市身心障礙者健康關懷協會,(02)26886212,大安區,大安路31巷54-1號,,121.54814,25.04382
1266,臺北市身心障礙者創業發展協會,(02)26886212,文山區,羅斯福路6段316號電桿旁,,121.53955,24.99017
1267,臺北市身心障礙者創業發展協會,(02)26886212,信義區,吳興街432巷106號附近牆邊,,121.56763,25.02381
1268,臺北市身心障礙者創業發展協會,(02)26886212,士林區,中山北路5段726巷口,,121.52729,25.09873
1269,臺北市身心障礙者創業發展協會,(02)26886212,大安區,建國南路1段44巷口桿邊,,121.53628,25.04385
1270,臺北市身心障礙者創業發展協會,(02)26886212,大安區,新生南路1段97巷22號旁,,121.53466,25.04109
1271,臺北市身心障礙者創業發展協會,(02)26886212,大安區,新生南路1段八德路口,,121.53329,25.04438
1272,臺北市身心障礙者創業發展協會,(02)26886212,大安區,仁愛路3段51巷8號對面,,121.53593,25.03976
1273,臺北市身心障礙者創業發展協會,(02)26886212,大安區,仁愛路3段5巷底,,121.53344,25.04008
1274,臺北市身心障礙者創業發展協會,(02)26886212,文山區,光輝路16號斜對面桿旁,,121.55511,24.98751
1275,臺北市身心障礙者創業發展協會,(02)26886212,大安區,敦化南路1段233巷20號旁,,121.54971,25.04037
1276,臺北市身心障礙者創業發展協會,(02)26886212,大安區,和平東路2段98號側邊對面人行道電信設備邊,,121.54129,25.02474
1277,臺北市身心障礙者創業發展協會,(02)26886212,大安區,忠孝東路4段26巷67號旁,,121.54444,25.03911
1278,臺北市身心障礙者創業發展協會,(02)26886212,大安區,仁愛路4段91巷3號對面,,121.54799,25.03854
1279,臺北市身心障礙者創業發展協會,(02)26886212,大安區,和平東路3段119巷6號邊,,121.55159,25.02478
1280,臺北市身心障礙者創業發展協會,(02)26886212,大安區,安和路1段109巷底電信設備邊,,121.55323,25.03579
1281,臺北市身心障礙者創業發展協會,(02)26886212,大安區,和平東路2段107巷口天橋下,,121.54028,25.02551
1282,臺北市身心障礙者創業發展協會,(02)26886212,大安區,溫州街46號附近廟旁兩桿間,,121.53312,25.02192
1283,臺北市身心障礙者創業發展協會,(02)26886212,文山區,樟新街18號對面,,121.55515,24.97931
1284,臺北市身障者互助關懷協會,(02)26886212,文山區,久康街171號對面,,121.56873,24.99063
1285,臺北市身障者互助關懷協會,(02)26886212,文山區,忠順街2段129號（伯大尼托兒所旁）,,121.56684,24.98471
1286,臺北市身障者互助關懷協會,(02)26886212,文山區,臺北市保儀路138巷24號對面,,121.56562,24.98432
1287,臺北市身障者互助關懷協會,(02)26886212,文山區,辛亥路5段73巷口里辦公室公告欄右邊,,121.55331,24.99803
1288,臺北市身障者互助關懷協會,(02)26886212,文山區,辛亥路4段21巷口,,121.55861,25.00849
1289,臺北市身障者互助關懷協會,(02)26886212,文山區,辛亥路4段101巷口電器設備旁,,121.55864,25.00663
1290,臺北市身障者互助關懷協會,(02)26886212,文山區,羅斯福路5段211巷17弄口,,121.53961,25.00253
1291,臺北市身障者互助關懷協會,(02)26886212,大安區,濟南路3段17-1號旁對面,,121.53457,25.04026
1292,臺北市身障者互助關懷協會,(02)26886212,文山區,一壽街22號旁(里民活動中心旁),,121.55649,24.97987
1293,臺北市身障者互助關懷協會,(02)26886212,大安區,復興南路2段210巷2號旁,,121.54279,25.02646
1294,臺北市身障者互助關懷協會,(02)26886212,信義區,光復南路473巷11弄60號對面,,121.55964,25.03448
1295,臺北市身障者互助關懷協會,(02)26886212,北投區,立農街1段582號對面,,121.51134,25.11938
1296,臺北市身障者互助關懷協會,(02)26886212,北投區,文林北路242號旁,,121.51357,25.10888
1297,臺北市身障者互助關懷協會,(02)26886212,中山區,新生北路3段35號旁防火巷前柱旁,,121.52802,25.06503
1298,臺北市身障者互助關懷協會,(02)26886212,大安區,四維路76巷口對面,,121.54821,25.03421
1299,臺北市身障者互助關懷協會,(02)26886212,大安區,四維路22巷口,,121.54801,25.03638
1300,臺北市身障者互助關懷協會,(02)26886212,大安區,安和路2段123號前,,121.55132,25.02932
1301,臺北市身障者互助關懷協會,(02)26886212,大安區,安和路2段184巷7號旁,,121.54952,25.02511
1302,臺北市弱勢者就業促進協會,(02)26886212,文山區,汀州路4段1號對面電器設備邊,,121.53664,25.01039
1303,臺北市弱勢者就業促進協會,(02)26886212,文山區,木柵路1段335巷口,,121.55764,24.98887
1304,臺北市弱勢者就業促進協會,(02)26886212,文山區,興隆路2段203巷90~94號對面,,121.54663,25.00259
1305,臺北市弱勢者就業促進協會,(02)26886212,大安區,文昌街39號旁,,121.55018,25.03291
1306,臺北市弱勢者就業促進協會,(02)26886212,大安區,大安路1段116巷15號對面,,121.54489,25.03977
1307,臺北市弱勢者就業促進協會,(02)26886212,大安區,通安街64號旁,,121.55322,25.03061
1308,臺北市弱勢者就業促進協會,(02)26886212,大安區,通化街24巷口,,121.55394,25.03166
1309,臺北市弱勢者就業促進協會,(02)26886212,大安區,樂利路10號桿邊,,121.55101,25.02808
1310,臺北市弱勢者就業促進協會,(02)26886212,大安區,和平東路2段18巷17~1號對面,,121.53588,25.02293
1311,臺北市弱勢者就業促進協會,(02)26886212,大安區,金山南路2段31巷與麗水街電箱旁,,121.52897,25.03255
1312,臺北市弱勢者就業促進協會,(02)26886212,大安區,愛國東路與麗水街口旁,,121.52872,25.03132
1313,臺北市弱勢者就業促進協會,(02)26886212,大安區,敦化南路1段233巷24號邊,,121.55081,25.04034
1314,臺北市弱勢者就業促進協會,(02)26886212,大安區,瑞安街266號對面,,121.53937,25.02633
1315,臺北市弱勢者就業促進協會,(02)26886212,文山區,木新路2段299巷口,,121.56539,24.98266
1316,臺北市弱勢者就業促進協會,(02)26886212,文山區,恆光街51巷口電信設備邊,,121.56719,24.98241
1317,臺北市弱勢者就業促進協會,(02)26886212,大安區,金山南路2段30巷口,,121.52697,25.03312
1318,臺北市弱勢者就業促進協會,(02)26886212,文山區,木柵路3段85巷8弄5-1號對面變電箱旁,,121.56702,24.98938
1320,臺北市恩寶身心障礙者關懷協會,(02)26886212,大安區,四維路154巷口對面,,121.54805,25.03104
1321,臺北市恩寶身心障礙者關懷協會,(02)26886212,大安區,大安路2段90巷口,,121.54599,25.03125
1322,臺北市恩寶身心障礙者關懷協會,(02)26886212,大安區,通化街39巷50弄101號旁,,121.55493,25.02861
1323,臺北市恩寶身心障礙者關懷協會,(02)26886212,中正區,杭州南路1段143巷11之5號旁,,121.52562,25.03599
1324,臺北市恩寶身心障礙者關懷協會,(02)26886212,文山區,景華街22巷7號旁人行道,,121.54237,24.99439
1325,臺北市恩寶身心障礙者關懷協會,(02)26886212,大安區,潮州街38號前桿旁,,121.52269,25.02941
1326,臺北市恩寶身心障礙者關懷協會,(02)26886212,大安區,潮州街60巷口燈桿旁,,121.52376,25.02919
1327,臺北市恩寶身心障礙者關懷協會,(02)26886212,大安區,潮州街98巷8號邊,,121.52519,25.02837
1328,臺北市恩寶身心障礙者關懷協會,(02)26886212,大安區,和平東路1段85巷4弄底,,121.52511,25.02754
1329,臺北市恩寶身心障礙者關懷協會,(02)26886212,松山區,延吉街30巷1號旁,,121.55331,25.04613
1330,臺北市恩寶身心障礙者關懷協會,(02)26886212,文山區,忠順街1段26巷30弄口,,121.55956,24.98259
1331,臺北市恩寶身心障礙者關懷協會,(02)26886212,文山區,木新路3段310巷12弄底公園邊,,121.55789,24.98213
1332,臺北市恩寶身心障礙者關懷協會,(02)26886212,文山區,景華街49巷5號斜對面公園邊,,121.54291,24.99553
1333,臺北市恩寶身心障礙者關懷協會,(02)26886212,文山區,福興路4巷15弄口,,121.55191,25.00339
1334,臺北市恩寶身心障礙者關懷協會,(02)26886212,文山區,福興路4巷7弄口,,121.55164,25.00314
1335,臺北市恩寶身心障礙者關懷協會,(02)26886212,大安區,信義路2段10巷11弄口,,121.52459,25.03411
