序號,廠商,名稱,地址,縣市,縣市代碼
1,Tesla,台北花博公園超級充電站,台北市中山區玉門街1號,臺北市,63000
2,Tesla,台北內湖服務體驗中心超級充電站,台北市內湖區舊宗路二段1號,臺北市,63000
3,Tesla,台北南港展覽館2館超級充電站,台北市南港區經貿二路2號 B1F 165-170車位,臺北市,63000
4,Tesla,北投雅樂軒超級充電站,台北市北投區大業路300巷1號 B2,臺北市,63000
5,Tesla,臺灣大學超級充電站,台北市大安區羅斯福路四段1號,臺北市,63000
6,Tesla,福林超級充電站,台北市士林區中山北路五段465號旁,臺北市,63000
7,Tesla,松山超級充電站,台北市信義區市民大道六段246號,臺北市,63000
8,Tesla,信義交易廣場充電站,台北市信義區松仁路101號B3樓,臺北市,63000
9,Tesla,大葉高島屋充電站,台北市士林區忠誠路二段55號B2,臺北市,63000
10,Tesla,台北萬華家樂福桂林店超級充電站,台北市萬華區桂林路1號 7F,臺北市,63000
11,Tesla,台北大直NOKE忠泰樂生活超級充電站,台北市中山區樂群三路200號 B2,臺北市,63000
12,Tesla,臺大體育館超級充電站,台北市大安區羅斯福路四段1號 B2,臺北市,63000
13,Tesla,台北政治大學公企中心超級充電站,台北市大安區金華街187號 B2,臺北市,63000
14,Tesla,台北富邦超級充電站,台北市大安區仁愛路四段169號B3,臺北市,63000
15,華城電能,台北大倉久和大飯站,台北市中山區南京東路?段9號,臺北市,63000
16,華城電能,台北新光南軟站,台北市南港區經貿二路196號,臺北市,63000
17,華城電能,台日交流協會,台北市松山區慶城街28號,臺北市,63000
18,華城電能,台北內湖亞太經貿廣場A棟站,台北市內湖區舊宗路二段187號 B2,臺北市,63000
19,華城電能,台北花園大酒店,台北市中正區中華路二段1號,臺北市,63000
20,華城電能,EVALUE內湖旗艦站,臺北市內湖區民權東路6段186-8號,臺北市,63000
21,華城電能,維多麗亞酒店,台北市中山區敬業四路168號,臺北市,63000
22,華城電能,台糖台北會館,台北市中正區中華路?段39號1至21樓及B1至B4,臺北市,63000
23,華城電能,燦坤內湖總部站,台北市內湖區堤頂大道一段331號 1F&B2,臺北市,63000
24,華城電能,雀客藏居_台北陽明山,台北市士林區格致路237號,臺北市,63000
25,華城電能,台北市信義之星,臺北市信義區松智路14號B2,臺北市,63000
26,華城電能,台北金融大樓股份有限公司(101購物中心),台北市信義區市府路45號B3、B4,臺北市,63000
27,華城電能,順益汽車_濱江營業所,台北市中山區濱江街309號,臺北市,63000
28,華城電能,台北企業總部園區,台北市內湖區南京東路六段370號W棟B1停車場,臺北市,63000
29,華城電能,台北松山運動中心,台北市松山區敦化北路1號,臺北市,63000
30,華城電能,台北市文山運動中心,台北市文山區興隆路三段222號B1停車場,臺北市,63000
31,華城電能,台北中崙第一停車場,台北市中山區八德路二段210巷10號,臺北市,63000
32,華城電能,台北世貿公園地下停車場,台北市南港經貿二路88巷19號,臺北市,63000
33,華城電能,台北萬華車站地下停車場,台北市萬華區西園路一段306巷1號,臺北市,63000
34,華城電能,國立台灣大學_新南地下停車場,台北市大安區新生南路三段_新南停車場B1,臺北市,63000
35,華城電能,國立台灣大學_芳蘭第一平面停車場,106台北市大安區芳蘭路71號,臺北市,63000
36,華城電能,國立台灣大學_水源校區臨時停車場,100台北市中正區思源街18號,臺北市,63000
37,華城電能,"	國立台灣大學_生醫工程館地下停車場",台北市大安區芳蘭路49號B2,臺北市,63000
38,華城電能,台北興中立體停車場,台北市南港區興中路44巷1號,臺北市,63000
39,華城電能,"	台北洲子立體停車場",台北市內湖區瑞光路513巷22弄2號,臺北市,63000
40,華城電能,台北東湖國小地下停車場,台北市內湖區東湖路115號,臺北市,63000
41,華城電能,台北大豐公園地下停車場,台北市北投區大興街145號B1,臺北市,63000
42,華城電能,台北立農公園地下停車場,台北市北投區承德路七段372號B1,臺北市,63000
43,華城電能,台北南港國小地下停車場,台北市南港區東興街59號,臺北市,63000
44,華城電能,台北玉成公園地下停車場,台北市南港區成福路116號,臺北市,63000
45,華城電能,歐特儀_捷運木柵站轉乘停車場,台北市文山區木柵路四段135號B1樓,臺北市,63000
46,華城電能,聯合醫院_台北仁愛院區,台北市大安區仁愛路四段10號,臺北市,63000
47,華城電能,聯合醫院_台北松德院區,台北市信義區松德路309號,臺北市,63000
48,華城電能,聯合醫院_台北婦幼院區,台北市中正區福州街12號,臺北市,63000
49,華城電能,聯合醫院_台北陽明院區,台北市士林區雨聲街105號,臺北市,63000
50,華城電能,聯合醫院_台北中興院區,台北市大同區鄭州路145號,臺北市,63000
51,華城電能,聯合醫院_台北和平院區,台北市中正區中華路二段33號,臺北市,63000
52,華城電能,台北大龍國小地下停車場 ,台北市大同區哈密街47號B1,臺北市,63000
53,華城電能,台北蘭雅公園地下停車場,台北市士林區德行東路129巷31號,臺北市,63000
54,華城電能,台北青年公園高爾夫球場,台北市萬華區國興路5號,臺北市,63000
55,華城電能,台北前港公園地下停車場,台北市士林區前港街45號,臺北市,63000
56,華城電能,台北海光公園地下停車場,台北市士林區葫蘆街83號B1樓,臺北市,63000
57,華城電能,台北啟聰學校地下停車場,台北市大同區延平北路四段205號,臺北市,63000
58,華城電能,"	台北南山廣場",台北市信義區松仁路100號B4,臺北市,63000
59,華城電能,台北古亭國中地下停車場,台北市萬華區中華路二段606巷1號,臺北市,63000
60,華城電能,台北至誠平面停車場,台北士林區至誠路1段295號對面,臺北市,63000
61,華城電能,台北福林公園地下停車場,台北市士林區中正路17號,臺北市,63000
62,華城電能,台北中山運動中心旁平面停車場,台北市中山區中山北路2段44巷及46巷中間,臺北市,63000
63,華城電能,台北慶昌橋下停車場,台北市大同區哈密街59巷-延平北路,臺北市,63000
64,華城電能,台北福港街平面停車場,台北市士林區福港街149巷2號,臺北市,63000
65,華城電能,台北萬華國中地下停車場,108台北市萬華區西藏路201號B1樓,臺北市,63000
66,華城電能,台北關渡水岸自然公園平面停車場,台北市北投區知行路360號(關渡宮對面空地),臺北市,63000
67,華城電能,台北開勝平面停車場,台北市北投區珠海路88號,臺北市,63000
68,華城電能,台北東和平面停車場,台北市士林區天母東路69巷旁,臺北市,63000
69,華城電能,宏達_台北松仁停車場,台北市松山區松仁路277號,臺北市,63000
70,華城電能,台北康樂合署大樓地下停車場,114台北市內湖區康樂街150號號地下室,臺北市,63000
71,華城電能,歐特儀_台北台大癌醫停車場,台北市大安區基隆路三段155巷57號,臺北市,63000
72,華城電能,台北成淵高中地下停車場,103台北市大同區承德路二段235號之1地下,臺北市,63000
73,華城電能,台北華江橋下雙層停車場,台北市萬華區和平西路3段382巷對面,臺北市,63000
74,華城電能,台北福國路橋下平面停車場,台北市士林區文林路台灣戲曲中心與臺北高等行政法院間福國路橋下,臺北市,63000
75,華城電能,台北雙園國中地下停車場,108台北市萬華區西園路二段320巷55弄3號,臺北市,63000
76,華城電能,台北陽明山立體停車場,台北市北投區湖山路(陽明山公園大門口旁),臺北市,63000
77,華城電能,台北陽明山第二停車場 ,台北市北投區陽金公路(陽明山國家公園遊客服務中心對面),臺北市,63000
78,華城電能,台北陽明山花鐘停車場,台北市北投區湖山路2段(陽明山公園花鐘前),臺北市,63000
79,華城電能,台北豐年運動公園平面停車場,台北市北投區大業路527巷旁,臺北市,63000
80,華城電能,力揚_台北大稻埕停車場,台北市大同區歸綏街243號B1,臺北市,63000
81,華城電能,台北全球人壽希望園區停車場,台北市中正區八德路一段55號,臺北市,63000
82,華城電能,國立陽明交通大學_生物醫學大樓,臺北市北投區立農街二段155號,臺北市,63000
83,華城電能,國立台灣大學_公館平面停車場,台北市大安區羅斯福路四段1號,臺北市,63000
84,華城電能,台北美福大飯店,台北市中山區樂群二路55號 B4,臺北市,63000
85,華城電能,台北民生社區中心地下停車場,台北市松山區民生東路五段163之1號B2樓,臺北市,63000
86,華城電能,台北關渡醫院旁平面停車場 ,台北市北投區大度路3段301巷,臺北市,63000
87,華城電能,台北大橋橋下停車場,台北市大同區環河北路2段-延平北路3段間之臺北大橋橋下空間,臺北市,63000
88,華城電能,台北公?路228巷臨時平面停車場,台北市北投區公館路228巷,臺北市,63000
89,華城電能,台北青年公園棒球場地下停車場,台北市萬華區青年路69號,臺北市,63000
90,華城電能,台北懷德街55巷平面停車場,台北市北投區懷德街與懷德街55巷交叉口,臺北市,63000
91,華城電能,台北社正路平面停車場,台北市士林區社正路12號旁,臺北市,63000
92,華城電能,台北建成公園地下停車場,台北市大同區承德路二段31號B1樓,臺北市,63000
93,華城電能,台北延平北路5段1巷平面停車場,台北市士林區延平北路5段1巷平面停車場,臺北市,63000
94,華城電能,台北建成國中地下停車場,台北市大同區長安西路37號B1,臺北市,63000
95,華城電能,台北公館路平面停車場,台北市北投區公館路、西安路口,臺北市,63000
96,華城電能,台北大業路280巷平面停車場,台北市北投區大業路280巷,臺北市,63000
97,華城電能,台北市南港運動中心,台北市南港區玉成街69號,臺北市,63000
98,華城電能,台北市北投運動中心,台北市北投區石牌路一段39巷100號,臺北市,63000
99,華城電能,台北內湖CITYLINK停車場,台北市內湖區成功路四段188號2F、5F,臺北市,63000
100,華城電能,台北福林路平面停車場,臺北市士林區福林路與中正路交叉口南側空地(福林2小段578、583及584地號內),臺北市,63000
101,華城電能,台北新和庭園平面停車場,臺北市萬華區中華路2段416巷口,臺北市,63000
102,華城電能,台北大直計程車服務站,臺北市中山區北安路676號,臺北市,63000
103,華城電能,台北公館計程車服務站,臺北市中正區汀州路三段230巷17號,臺北市,63000
104,華城電能,台北中山計程車服務站,臺北市中山區新生北路3段(臺北市立美術館後面),臺北市,63000
105,華城電能,台北建國計程車服務站,臺北市大安區建國南路一段34號,臺北市,63000
106,華城電能,市府轉運停車場,臺北市信義區忠孝東路五段6號B4,臺北市,63000
107,華城電能,Times_台北植福路停車場,臺北市中山區植福路11號,臺北市,63000
108,華城電能,Times_台北北護大學思樓停車場,臺北市北投區明德路365號教學綜合研究大樓B1(北護大學思樓),臺北市,63000
109,華城電能,Times_台北內湖陽光街停車場,臺北市內湖區陽光街381號旁空地,臺北市,63000
110,華城電能,台北忠誠路(二)平面停車場 ,臺北市士林區忠誠路1段182號旁,臺北市,63000
111,華城電能,Times_台北地下街停車場,臺北市大同區市民大道一段100號B2,臺北市,63000
112,華城電能,台北景美國小地下停車場,臺北市文山區景文街142巷2號B1,臺北市,63000
113,台灣賓士,台隆賓士_台北濱江,台北市中山區濱江街277號,臺北市,63000
114,台灣賓士,中華賓士_台北南港,台北市南港區南港路三段53號1樓,臺北市,63000
115,台灣賓士,中華賓士_台北關渡,台北市北投區大度路三段168號,臺北市,63000
116,台灣賓士,中華賓士_台北內湖,台北市內湖區舊宗路一段279號,臺北市,63000
117,新凱汽車(VOLVO),新凱汽車仁愛充電站,台北市大安區新生南路?段125號,臺北市,63000
118,新凱汽車(VOLVO),新凱汽車內湖充電站,台北市內湖區民權東路六段17號1樓,臺北市,63000
119,新凱汽車(VOLVO),新凱汽車士林充電站,台北市北投區承德路6段80號,臺北市,63000
120,匯勝汽車(VOLVO),匯勝汽車濱江充電站,台北市中山區濱江街209號,臺北市,63000
121,源點科技,家樂福台北三民店,台北市松山區三民路160號,臺北市,63000
122,源點科技,陽明山草山小鎮,台北市士林區國泰街5號斜對面停車場,臺北市,63000
123,源點科技,台北信義忠駝社區,台北市信義區基隆路一段364巷20號1樓,臺北市,63000
124,源點科技,家樂福重慶店,台北市大同區重慶北路二段171號4F,臺北市,63000
125,源點科技,台大公館超充站,台北市大安區羅斯福路四段1號,臺北市,63000
126,源點科技,台北永盛公園地下停車場,台北市中山區中山北路2段93巷30號地下 ,臺北市,63000
127,源點科技,台北長安國小地下停車場,台北市中山區吉林路15號地下 ,臺北市,63000
128,源點科技,台北西松高中地下停車場,台北市松山區健康路325巷19弄1號地下 ,臺北市,63000
129,源點科技,台北金華公園地下停車場,台北市大安區金華街190號地下 ,臺北市,63000
130,源點科技,台北嘉興公園地下停車場,台北市大安區嘉興街373號地下 ,臺北市,63000
131,源點科技,台北松山高中地下停車場,台北市信義區基隆路1段156號地下 ,臺北市,63000
132,源點科技,台北松山國小地下停車場,台北市松山區八德路4段746號 ,臺北市,63000
133,源點科技,台北忠信公園地下停車場,台北市信義區松仁路2號地下 ,臺北市,63000
134,源點科技,台北信義廣場地下停車場,台北市信義區信義路5段11號地下 ,臺北市,63000
135,源點科技,台北信義國小地下停車場,台北市信義區松勤路60號地下 ,臺北市,63000
136,源點科技,台北興隆公園地下停車場,台北市文山區仙岩路128號地下 ,臺北市,63000
137,源點科技,台北萬興國小地下停車場,台北市文山區秀明路2段116號地下 ,臺北市,63000
138,源點科技,微風南山站,台北市信義區松智路17號,臺北市,63000
139,源點科技,微風松高站,台北市信義區松高路16號,臺北市,63000
140,源點科技,微風信義站,台北市信義區忠孝東路五段68號,臺北市,63000
141,源點科技,台北禮客內湖店,台北市內湖區民善街205號,臺北市,63000
142,源點科技,麥當勞台北舊宗二餐廳,台北市內湖區舊宗路一段189號內湖舊宗郵局旁,臺北市,63000
143,源點科技,台北民生立體停車場,台北市松山區民生東路5段84號 ,臺北市,63000
144,源點科技,台北大安高工地下停車場,台北市大安區信義路3段166巷6弄12 號地下 ,臺北市,63000
145,源點科技,台北大安森林公園地下停車場,台北市大安區建國南路2段2號地下 ,臺北市,63000
146,源點科技,台北五分埔公園地下停車場,台北市信義區中坡北路57號地下 ,臺北市,63000
147,源點科技,台北興雅國中地下停車場,台北市信義區松德路200巷18號地下 ,臺北市,63000
148,源點科技,台北松山工農地下停車場,台北市信義區忠孝東路5段236巷15號地下 ,臺北市,63000
149,源點科技,台北臺北市災害應變中心地下停車場,台北市信義區莊敬路391巷11弄2號地下 ,臺北市,63000
150,源點科技,台北石潭平面停車場,台北市內湖區民權東路6段與成功路二段旁 ,臺北市,63000
151,源點科技,台北環山平面停車場,台北市內湖區環山路2段與內湖路1段411巷口 ,臺北市,63000
152,源點科技,台北福山平面停車場,台北市南港區福山街4號旁 ,臺北市,63000
153,源點科技,台北文湖平面停車場,台北市內湖區文湖街21巷口文湖國小旁 ,臺北市,63000
154,源點科技,台北吉祥平面停車場,台北市松山區光復北路11巷81號旁 ,臺北市,63000
155,源點科技,台北正氣橋下平面停車場,台北市信義區基隆路1段35巷至65號間對面 ,臺北市,63000
156,源點科技,台北長春路龍江路臨時平面停車場,台北市中山區長春路、龍江路交叉口 ,臺北市,63000
157,源點科技,台北耕莘文教院前平面停車場,台北市中正區辛亥路1段22號前(耕莘文教院前) ,臺北市,63000
158,源點科技,台北三福街平面停車場,台北市文山區景隆街36巷內 ,臺北市,63000
159,源點科技,台北保儀路平面停車場,台北市文山區保儀路157號對面 ,臺北市,63000
160,源點科技,台北政大三街臨時平面停車場,台北市文山區政大三街53號旁 ,臺北市,63000
161,源點科技,台北景豐臨時平面停車場,台北市文山區景豐街79號旁 ,臺北市,63000
162,源點科技,台北樟新平面停車場,台北市文山區一壽街3巷與17巷之間 ,臺北市,63000
163,源點科技,台北吳興街284巷臨時平面,台北市信義區吳興街284巷與吳興街260 巷21弄交叉口旁 ,臺北市,63000
164,源點科技,台北信義路5段150巷臨時平面停車場,台北市信義區信義路5段150巷與信義路5段150巷342弄交叉口 ,臺北市,63000
165,源點科技,台北康寧平面停車場,台北市內湖區民權東路6段與康寧路2段圓環旁,臺北市,63000
166,源點科技,台北光復北路平面停車場,台北市松山區八德路4段17巷9號,臺北市,63000
167,源點科技,台北中油大樓停車場,台北市信義區松仁路3號,臺北市,63000
168,源點科技,台北松山車站地下停車場,台北市信義區松山路11號南廣場地下 ,臺北市,63000
169,源點科技,台北金湖臨時平面停車場,台北市內湖區金湖路100號旁 ,臺北市,63000
170,源點科技,台北安康公車調度站臨時平面,台北市內湖區五分街12號 ,臺北市,63000
171,源點科技,台北水源快速道路下平面停車場,台北市文山區溪州街水源快速道路下,臺北市,63000
172,源點科技,中油復興北路加油站,台北市松山區復興北路31號,臺北市,63000
173,源點科技,台北民有市場地下停車場,台北市松山區民權東路3段140巷15號地下 ,臺北市,63000
174,源點科技,台北龍門國中地下停車場,台北市大安區建國南路2段269號地下 ,臺北市,63000
175,源點科技,台北辛亥路高架橋下停車場,台北市大安區新生南路、辛亥高架橋下 ,臺北市,63000
176,源點科技,台北新生公園停車場,台北市中山區民族東路與吉林路口(新生公園溫水游泳池旁),臺北市,63000
177,源點科技,台北中山北路3段55巷停車場,台北市中山區中山北路3段55巷 ,臺北市,63000
178,源點科技,台北五常街臨時平面停車場,台北市中山區五常街與民權東路3段39 巷口 ,臺北市,63000
179,源點科技,台北松德臨時平面停車場,台北市信義區松德路底(中強公園旁) ,臺北市,63000
180,源點科技,台北和平東路4段381巷平面停車場,台北市文山區和平東路4段381巷內 ,臺北市,63000
181,源點科技,台北興隆市場旁停車場,台北市文山區興隆路2段97號旁 ,臺北市,63000
182,源點科技,台北萬芳八號公園停車場,台北市文山區公務員訓練中心旁 ,臺北市,63000
183,源點科技,台北長春路平面停車場,台北市中山區松江路160巷5-5號旁,臺北市,63000
184,源點科技,台北龍江平面停車場,台北市中山區遼寧街、龍江路155巷口,臺北市,63000
185,源點科技,台北南港軟體園區二期南站,台北市南港區新民街興東街口南側廣場(H棟大樓側),臺北市,63000
186,源點科技,台北南港軟體園區二期北站,台北市南港區園區街58巷北側廣場(F棟大樓側),臺北市,63000
187,源點科技,台北內湖堤頂大道超級綠洲,台北市內湖區堤頂大道二段與瑞光路316巷口,臺北市,63000
188,源點科技,洲美運動公園地下停車場,台北市北投區洲美街271號,臺北市,63000
189,源點科技,台北景文平面停車場,台北市文山區景文街90巷內廣場停車場 ,臺北市,63000
190,源點科技,北投大度路超級綠洲,台北市北投區大度路三段慈濟大愛電視台斜對面,臺北市,63000
191,源點科技,台北新生高架橋下(民族-農安段)停車場,台北市中山區新生北路三段75號前高架下入口,臺北市,63000
192,奧迪福斯汽車,奧迪北區股份有限公司,台北市內湖區行忠路178巷2號,臺北市,63000
193,奧迪福斯汽車,奧迪北區股份有限公司,台北市南港區南港路二段155號,臺北市,63000
194,裕電?電,京站時尚廣場附屬停車場,台北市大同區承德路一段一號B5樓,臺北市,63000
195,裕電?電,順益汽車股份有限公司(內湖營業所),台北市內湖區民權東路六段13-15號,臺北市,63000
196,裕電?電,YES 松菸文創,台北市信義區菸廠路88號B4,臺北市,63000
197,裕電?電,保證責任台北市台北地下街場地利用合作社,台北市大同區鄭州路115號,臺北市,63000
198,裕電?電,亞都麗緻大飯店股份有限公司,台北市中山區民權東路二段41號,臺北市,63000
199,裕電?電,YES匯泰大樓華山站,臺北市中正區北平東路30-1號,臺北市,63000
200,裕電?電,YES欣欣百貨,臺北市中山區新生北路二段28巷1號,臺北市,63000
201,TAIL 特爾電力,台北福林站,台北市士林區中山北路五段465號旁,臺北市,63000
202,TAIL 特爾電力,大直美麗華站,台北市中山區敬業三路20號,臺北市,63000
203,TAIL 特爾電力,南港研究院路站,台北市南港區研究院路一段101巷16弄8號,臺北市,63000
204,TAIL 特爾電力,士林瑋信捷豹路虎快充站,台北市士林區中正路418號,臺北市,63000
205,TAIL 特爾電力,自來水公館慢充站,台北市中正區汀洲路三段230巷15號,臺北市,63000
206,TAIL 特爾電力,自來水水源慢充站,台北市中正區汀洲路三段104巷,臺北市,63000
207,普立斯國際開發,台北士林萬麗酒店,台北市士林區中山北路五段470巷8號,臺北市,63000
208,宜家家居,IKEA 宜家家居 內湖店,台北市內湖區舊宗路一段128號,臺北市,63000
209,遠傳電信,遠東SOGO台北復興館,台北市大安區忠孝東路三段300號,臺北市,63000
210,遠傳電信,遠東SOGO天母館,台北市士林區中山北路六段77號,臺北市,63000
211,遠傳電信,遠東SOGO忠孝館,台北市大安區忠孝東路四段45號,臺北市,63000
212,遠傳電信,大遠百A13,台北市信義區松仁路58號,臺北市,63000
213,遠傳電信,遠企中心,台北市大安區敦化南路二段207號,臺北市,63000
214,旭電馳科研,U-POWER 內湖行忠站,台北市內湖區行忠路65號,臺北市,63000
215,旭電馳科研,U-POWER 臺北北投立德站,臺北市北投區立德路2號,臺北市,63000
216,旭電馳科研,U-POWER 臺北內湖行忠站,臺北市內湖區新湖二路與民善街口(新湖一路141號對面停車場(含電動車充電樁)),臺北市,63000
217,旭電馳科研,U-POWER 臺北文山木柵站,臺北市文山區木柵路四段111巷捷運站對面,臺北市,63000
218,旭電馳科研,U-POWER 臺北仁愛金山南站,臺北市中正區金山南路一段67巷12號,臺北市,63000
219,中興電工,台北小巨蛋地下停車場,台北市松山區南京東路四段2號,臺北市,63000
220,中興電工,南港展覽館2館,台北市南港區經貿二路2號,臺北市,63000
221,中興電工,昆明地下停車場(亞曼尼大樓),台北市萬華區昆明街46號B1,臺北市,63000
222,中興電工,內湖污水處理廠附屬公園停車場,台北市內湖區舊宗路二段2號汙水廠旁停車場,臺北市,63000
223,中興電工,新生高架(錦州街-民權東路)停車場,台北市中山區新生北路二段144號對面停車場,臺北市,63000
224,中興電工,新生高架(南京東路-長安東路)停車場,台北市中山區新生北路一段122號對面停車場,臺北市,63000
225,中興電工,富邦人壽保險股份有限公司,台北市中山區遼寧街177號B1及B4至B6停車場,臺北市,63000
226,中興電工,永固便利(港墘站)停車場,台北市內湖區內湖路一段596號旁停車場,臺北市,63000
227,台泥儲能,台北至善站,台北市士林區至善路1段雙溪公園斜對面,臺北市,63000
228,星舟快充,台北市新光摩天大樓B3停車場,台北市中正區忠孝西路一段66號,臺北市,63000
229,星舟快充,泓德總部,台北市士林區德行西路35號B1,臺北市,63000
230,星舟快充,天母傑仕堡站,台北市士林區忠誠路二段180號B1,臺北市,63000
231,星舟快充,大直NOKE忠泰樂生活,台北市中山區樂群三路200號 (B1、B2),臺北市,63000
232,Mr.Charger 恰吉先生,恰吉先生充電站,台北市內湖區蘆洲里安美街123號1樓,臺北市,63000
233,和潤電能(充壩技術),台北市士林區Lexus士林營業所,台北市士林區中正路350號,臺北市,63000
234,和潤電能,台北市信義區松高路19號,台北市信義區松高路19號,臺北市,63000
235,和潤電能,台北市信義區松壽路11號,台北市信義區松壽路11號,臺北市,63000
236,和潤電能,台北市信義區松高路12號,台北市信義區松高路12號,臺北市,63000
237,和潤電能,台北市士林區忠誠路二段200號,台北市士林區忠誠路二段200號,臺北市,63000
238,和潤電能,台北市中山區南京西路12號,台北市中山區南京西路12號,臺北市,63000
239,全國加油站,全國台北交流道加油站,台北市士林區重慶北路四段141號,臺北市,63000
240,全國加油站,全國港墘路加油站,台北市內湖區港墘路250號,臺北市,63000
