年度,月,行政區域代碼,區隊,回收量（噸）
111,1,63000120,北投區隊,385.99
111,1,63000010,松山區隊,487.38
111,1,63000040,中山區隊,669.79
111,1,63000090,南港區隊,243.58
111,1,63000110,士林區隊,567.99
111,1,63000100,內湖區隊,665.02
111,1,63000020,信義區隊,480.75
111,1,63000050,中正區隊,317.63
111,1,63000070,萬華區隊,298.43
111,1,63000030,大安區隊,780.15
111,1,63000080,文山區隊,607.48
111,1,63000060,大同區隊,163.67
111,1,,其他,79.97
111,2,63000120,北投區隊,229.77
111,2,63000010,松山區隊,303.76
111,2,63000040,中山區隊,399.23
111,2,63000090,南港區隊,147.85
111,2,63000110,士林區隊,330.35
111,2,63000100,內湖區隊,374.08
111,2,63000020,信義區隊,289.01
111,2,63000050,中正區隊,193.33
111,2,63000070,萬華區隊,180.13
111,2,63000030,大安區隊,457.31
111,2,63000080,文山區隊,360.75
111,2,63000060,大同區隊,92.69
111,2,,其他,91.44
111,3,63000120,北投區隊,285.14
111,3,63000010,松山區隊,347.92
111,3,63000040,中山區隊,478.63
111,3,63000090,南港區隊,180.66
111,3,63000110,士林區隊,399.62
111,3,63000100,內湖區隊,434.96
111,3,63000020,信義區隊,354.21
111,3,63000050,中正區隊,225.01
111,3,63000070,萬華區隊,206.45
111,3,63000030,大安區隊,546.52
111,3,63000080,文山區隊,434.05
111,3,63000060,大同區隊,112.71
111,3,,其他,106.46
111,4,63000120,北投區隊,295.79
111,4,63000010,松山區隊,325.21
111,4,63000040,中山區隊,473.71
111,4,63000090,南港區隊,173.94
111,4,63000110,士林區隊,390.61
111,4,63000100,內湖區隊,450.06
111,4,63000020,信義區隊,344.33
111,4,63000050,中正區隊,212.87
111,4,63000070,萬華區隊,204.94
111,4,63000030,大安區隊,542.81
111,4,63000080,文山區隊,426.51
111,4,63000060,大同區隊,113.85
111,4,,其他,85.82
111,5,63000120,北投區隊,299.64
111,5,63000010,松山區隊,364.4
111,5,63000040,中山區隊,481.83
111,5,63000090,南港區隊,182.92
111,5,63000110,士林區隊,413.1
111,5,63000100,內湖區隊,502.13
111,5,63000020,信義區隊,361.92
111,5,63000050,中正區隊,252.14
111,5,63000070,萬華區隊,221.31
111,5,63000030,大安區隊,588.27
111,5,63000080,文山區隊,478.63
111,5,63000060,大同區隊,113.27
111,5,,其他,81.74
111,6,63000120,北投區隊,324.71
111,6,63000010,松山區隊,358.47
111,6,63000040,中山區隊,499.58
111,6,63000090,南港區隊,187.93
111,6,63000110,士林區隊,434.9
111,6,63000100,內湖區隊,501.82
111,6,63000020,信義區隊,374.75
111,6,63000050,中正區隊,245.77
111,6,63000070,萬華區隊,235.88
111,6,63000030,大安區隊,589.61
111,6,63000080,文山區隊,499.52
111,6,63000060,大同區隊,123.19
111,6,,其他,96.29
111,7,63000120,北投區隊,329.77
111,7,63000010,松山區隊,376.07
111,7,63000040,中山區隊,517.49
111,7,63000090,南港區隊,189.61
111,7,63000110,士林區隊,430.41
111,7,63000100,內湖區隊,513.52
111,7,63000020,信義區隊,389.78
111,7,63000050,中正區隊,254.82
111,7,63000070,萬華區隊,240.83
111,7,63000030,大安區隊,620.39
111,7,63000080,文山區隊,496.56
111,7,63000060,大同區隊,129.14
111,7,,其他,92.36
111,8,63000120,北投區隊,309.48
111,8,63000010,松山區隊,355.15
111,8,63000040,中山區隊,501.11
111,8,63000090,南港區隊,179.87
111,8,63000110,士林區隊,424.96
111,8,63000100,內湖區隊,502.67
111,8,63000020,信義區隊,370.98
111,8,63000050,中正區隊,247.94
111,8,63000070,萬華區隊,229.9
111,8,63000030,大安區隊,616.42
111,8,63000080,文山區隊,479.82
111,8,63000060,大同區隊,124.35
111,8,,其他,110.82
111,9,63000120,北投區隊,311.76
111,9,63000010,松山區隊,360.05
111,9,63000040,中山區隊,502.26
111,9,63000090,南港區隊,184.68
111,9,63000110,士林區隊,430.36
111,9,63000100,內湖區隊,494.18
111,9,63000020,信義區隊,380.88
111,9,63000050,中正區隊,236.85
111,9,63000070,萬華區隊,232.78
111,9,63000030,大安區隊,597.08
111,9,63000080,文山區隊,470.78
111,9,63000060,大同區隊,130.07
111,9,,其他,85.02
111,10,63000120,北投區隊,305.91
111,10,63000010,松山區隊,359.2
111,10,63000040,中山區隊,504.04
111,10,63000090,南港區隊,181.47
111,10,63000110,士林區隊,426.91
111,10,63000100,內湖區隊,469.06
111,10,63000020,信義區隊,366.89
111,10,63000050,中正區隊,236.78
111,10,63000070,萬華區隊,238.33
111,10,63000030,大安區隊,587.69
111,10,63000080,文山區隊,457.38
111,10,63000060,大同區隊,128.92
111,10,,其他,81.49
111,11,63000120,北投區隊,302.6
111,11,63000010,松山區隊,339.34
111,11,63000040,中山區隊,506.69
111,11,63000090,南港區隊,179.67
111,11,63000110,士林區隊,394.93
111,11,63000100,內湖區隊,451.69
111,11,63000020,信義區隊,363.83
111,11,63000050,中正區隊,217.59
111,11,63000070,萬華區隊,218.05
111,11,63000030,大安區隊,581.43
111,11,63000080,文山區隊,442.35
111,11,63000060,大同區隊,120.06
111,11,,其他,91.4
111,12,63000120,北投區隊,322.93
111,12,63000010,松山區隊,379.66
111,12,63000040,中山區隊,537.31
111,12,63000090,南港區隊,194.27
111,12,63000110,士林區隊,442.35
111,12,63000100,內湖區隊,478.42
111,12,63000020,信義區隊,404.53
111,12,63000050,中正區隊,239.39
111,12,63000070,萬華區隊,232.04
111,12,63000030,大安區隊,636.32
111,12,63000080,文山區隊,474.58
111,12,63000060,大同區隊,133.98
111,12,,其他,99.58
112,1,63000120,北投區隊,381.55
112,1,63000010,松山區隊,473.95
112,1,63000040,中山區隊,698.72
112,1,63000090,南港區隊,261.69
112,1,63000110,士林區隊,564.43
112,1,63000100,內湖區隊,654.83
112,1,63000020,信義區隊,494.66
112,1,63000050,中正區隊,300.8
112,1,63000070,萬華區隊,314.01
112,1,63000030,大安區隊,781.88
112,1,63000080,文山區隊,665.94
112,1,63000060,大同區隊,159.19
112,1,,其他,82.9
112,2,63000120,北投區隊,263.37
112,2,63000010,松山區隊,298.5
112,2,63000040,中山區隊,472.2
112,2,63000090,南港區隊,161.05
112,2,63000110,士林區隊,360.28
112,2,63000100,內湖區隊,402.71
112,2,63000020,信義區隊,320.07
112,2,63000050,中正區隊,202.68
112,2,63000070,萬華區隊,208.78
112,2,63000030,大安區隊,512.88
112,2,63000080,文山區隊,407.61
112,2,63000060,大同區隊,110.35
112,2,,其他,86.61
112,3,63000120,北投區隊,269.83
112,3,63000010,松山區隊,333.8
112,3,63000040,中山區隊,498.96
112,3,63000090,南港區隊,165.54
112,3,63000110,士林區隊,398.19
112,3,63000100,內湖區隊,423.92
112,3,63000020,信義區隊,342.48
112,3,63000050,中正區隊,214.43
112,3,63000070,萬華區隊,229.38
112,3,63000030,大安區隊,542.59
112,3,63000080,文山區隊,433.88
112,3,63000060,大同區隊,125.08
112,3,,其他,96.03
112,4,63000120,北投區隊,255.57
112,4,63000010,松山區隊,308.44
112,4,63000040,中山區隊,468.22
112,4,63000090,南港區隊,163.52
112,4,63000110,士林區隊,371.56
112,4,63000100,內湖區隊,404.18
112,4,63000020,信義區隊,323.4
112,4,63000050,中正區隊,203.81
112,4,63000070,萬華區隊,224.29
112,4,63000030,大安區隊,518.27
112,4,63000080,文山區隊,413.23
112,4,63000060,大同區隊,113.96
112,4,,其他,76.85
112,5,63000120,北投區隊,298.28
112,5,63000010,松山區隊,355.06
112,5,63000040,中山區隊,524.95
112,5,63000090,南港區隊,174.38
112,5,63000110,士林區隊,424.35
112,5,63000100,內湖區隊,495.92
112,5,63000020,信義區隊,361.69
112,5,63000050,中正區隊,257.03
112,5,63000070,萬華區隊,284.2
112,5,63000030,大安區隊,617.66
112,5,63000080,文山區隊,475.07
112,5,63000060,大同區隊,124.92
112,5,,其他,106.9
112,6,63000120,北投區隊,308.63
112,6,63000010,松山區隊,364.04
112,6,63000040,中山區隊,525.02
112,6,63000090,南港區隊,181.09
112,6,63000110,士林區隊,429.08
112,6,63000100,內湖區隊,482.62
112,6,63000020,信義區隊,364.52
112,6,63000050,中正區隊,252.59
112,6,63000070,萬華區隊,277.62
112,6,63000030,大安區隊,616.37
112,6,63000080,文山區隊,479.17
112,6,63000060,大同區隊,133.3
112,6,,其他,90.32
112,7,63000120,北投區隊,318.38
112,7,63000010,松山區隊,385.34
112,7,63000040,中山區隊,543.2
112,7,63000090,南港區隊,180.92
112,7,63000110,士林區隊,451.34
112,7,63000100,內湖區隊,516.29
112,7,63000020,信義區隊,380.38
112,7,63000050,中正區隊,268.21
112,7,63000070,萬華區隊,276.39
112,7,63000030,大安區隊,640.96
112,7,63000080,文山區隊,513.7
112,7,63000060,大同區隊,131.45
112,7,,其他,84.07
112,8,63000120,北投區隊,309.29
112,8,63000010,松山區隊,386.68
112,8,63000040,中山區隊,548.57
112,8,63000090,南港區隊,188.6
112,8,63000110,士林區隊,440.12
112,8,63000100,內湖區隊,499.44
112,8,63000020,信義區隊,377.88
112,8,63000050,中正區隊,260.5
112,8,63000070,萬華區隊,287.31
112,8,63000030,大安區隊,628.22
112,8,63000080,文山區隊,512.65
112,8,63000060,大同區隊,137.23
112,8,,其他,103.63
112,9,63000120,北投區隊,292.03
112,9,63000010,松山區隊,372.2
112,9,63000040,中山區隊,526.49
112,9,63000090,南港區隊,171.52
112,9,63000110,士林區隊,430.03
112,9,63000100,內湖區隊,475.45
112,9,63000020,信義區隊,356.9
112,9,63000050,中正區隊,259.19
112,9,63000070,萬華區隊,276.85
112,9,63000030,大安區隊,610.31
112,9,63000080,文山區隊,482.44
112,9,63000060,大同區隊,138.19
112,9,,其他,89.17
112,10,63000120,北投區隊,307
112,10,63000010,松山區隊,368.27
112,10,63000040,中山區隊,530.24
112,10,63000090,南港區隊,181.71
112,10,63000110,士林區隊,426.21
112,10,63000100,內湖區隊,497.49
112,10,63000020,信義區隊,366.5
112,10,63000050,中正區隊,264.64
112,10,63000070,萬華區隊,289.29
112,10,63000030,大安區隊,619.12
112,10,63000080,文山區隊,504.54
112,10,63000060,大同區隊,140.45
112,10,,其他,77.91
112,11,63000120,北投區隊,257.07
112,11,63000010,松山區隊,326.54
112,11,63000040,中山區隊,486.55
112,11,63000090,南港區隊,163.34
112,11,63000110,士林區隊,401.62
112,11,63000100,內湖區隊,413.5
112,11,63000020,信義區隊,334.75
112,11,63000050,中正區隊,218.63
112,11,63000070,萬華區隊,241.81
112,11,63000030,大安區隊,545.87
112,11,63000080,文山區隊,438.54
112,11,63000060,大同區隊,123.2
112,11,,其他,103.74
112,12,63000120,北投區隊,282.68
112,12,63000010,松山區隊,336.16
112,12,63000040,中山區隊,513.98
112,12,63000090,南港區隊,171.92
112,12,63000110,士林區隊,417.41
112,12,63000100,內湖區隊,434.51
112,12,63000020,信義區隊,356.84
112,12,63000050,中正區隊,233.61
112,12,63000070,萬華區隊,245
112,12,63000030,大安區隊,586.73
112,12,63000080,文山區隊,451.21
112,12,63000060,大同區隊,121.45
112,12,,其他,81.5
113,1,63000120,北投區隊,350.75
113,1,63000010,松山區隊,397.33
113,1,63000040,中山區隊,590.93
113,1,63000090,南港區隊,203.86
113,1,63000110,士林區隊,480.42
113,1,63000100,內湖區隊,526.86
113,1,63000020,信義區隊,414.22
113,1,63000050,中正區隊,277.69
113,1,63000070,萬華區隊,298.1
113,1,63000030,大安區隊,688.28
113,1,63000080,文山區隊,549.33
113,1,63000060,大同區隊,140.67
113,1,,其他,101.91
113,2,63000120,北投區隊,336.86
113,2,63000010,松山區隊,409.15
113,2,63000040,中山區隊,633.38
113,2,63000090,南港區隊,221.21
113,2,63000110,士林區隊,533.03
113,2,63000100,內湖區隊,582.9
113,2,63000020,信義區隊,442.94
113,2,63000050,中正區隊,282.74
113,2,63000070,萬華區隊,320.5
113,2,63000030,大安區隊,710.41
113,2,63000080,文山區隊,579.19
113,2,63000060,大同區隊,144.39
113,2,,其他,78.63
113,3,63000120,北投區隊,275.93
113,3,63000010,松山區隊,341.97
113,3,63000040,中山區隊,515.35
113,3,63000090,南港區隊,164.78
113,3,63000110,士林區隊,401.23
113,3,63000100,內湖區隊,423.77
113,3,63000020,信義區隊,343.67
113,3,63000050,中正區隊,228.45
113,3,63000070,萬華區隊,249.34
113,3,63000030,大安區隊,560.07
113,3,63000080,文山區隊,459.04
113,3,63000060,大同區隊,120.45
113,3,,其他,83.89
113,4,63000120,北投區隊,295.5
113,4,63000010,松山區隊,357.21
113,4,63000040,中山區隊,535.9
113,4,63000090,南港區隊,184.39
113,4,63000110,士林區隊,419.39
113,4,63000100,內湖區隊,460.63
113,4,63000020,信義區隊,366.58
113,4,63000050,中正區隊,257.65
113,4,63000070,萬華區隊,264.72
113,4,63000030,大安區隊,616.34
113,4,63000080,文山區隊,495.3
113,4,63000060,大同區隊,124.97
113,4,,其他,85.15
113,5,63000120,北投區隊,294.76
113,5,63000010,松山區隊,356.45
113,5,63000040,中山區隊,531.46
113,5,63000090,南港區隊,173.41
113,5,63000110,士林區隊,423.42
113,5,63000100,內湖區隊,459.18
113,5,63000020,信義區隊,357.43
113,5,63000050,中正區隊,254.21
113,5,63000070,萬華區隊,255.58
113,5,63000030,大安區隊,608.15
113,5,63000080,文山區隊,476.91
113,5,63000060,大同區隊,121.79
113,5,,其他,83.23
113,6,63000120,北投區隊,312.69
113,6,63000010,松山區隊,354.16
113,6,63000040,中山區隊,535.81
113,6,63000090,南港區隊,175.93
113,6,63000110,士林區隊,445.68
113,6,63000100,內湖區隊,468.7
113,6,63000020,信義區隊,359.71
113,6,63000050,中正區隊,255.56
113,6,63000070,萬華區隊,277.76
113,6,63000030,大安區隊,614.66
113,6,63000080,文山區隊,509.42
113,6,63000060,大同區隊,119.49
113,6,,其他,79.08
113,7,63000120,北投區隊,317.69
113,7,63000010,松山區隊,382.94
113,7,63000040,中山區隊,578.46
113,7,63000090,南港區隊,191.87
113,7,63000110,士林區隊,458.82
113,7,63000100,內湖區隊,513.46
113,7,63000020,信義區隊,401.27
113,7,63000050,中正區隊,271.83
113,7,63000070,萬華區隊,289.65
113,7,63000030,大安區隊,659.88
113,7,63000080,文山區隊,559.71
113,7,63000060,大同區隊,123.43
113,7,,其他,81.01
113,8,63000120,北投區隊,318.61
113,8,63000010,松山區隊,388.19
113,8,63000040,中山區隊,577.97
113,8,63000090,南港區隊,186.35
113,8,63000110,士林區隊,462.01
113,8,63000100,內湖區隊,488.53
113,8,63000020,信義區隊,405.36
113,8,63000050,中正區隊,280.3
113,8,63000070,萬華區隊,282.34
113,8,63000030,大安區隊,659.21
113,8,63000080,文山區隊,538.01
113,8,63000060,大同區隊,144.04
113,8,,其他,85.83
113,9,63000120,北投區隊,297.52
113,9,63000010,松山區隊,360.4
113,9,63000040,中山區隊,533.05
113,9,63000090,南港區隊,175.74
113,9,63000110,士林區隊,439.59
113,9,63000100,內湖區隊,460.89
113,9,63000020,信義區隊,382.08
113,9,63000050,中正區隊,263.58
113,9,63000070,萬華區隊,264.33
113,9,63000030,大安區隊,605.01
113,9,63000080,文山區隊,502.84
113,9,63000060,大同區隊,133.8
113,9,,其他,61.77
113,10,63000120,北投區隊,277.37
113,10,63000010,松山區隊,335.51
113,10,63000040,中山區隊,516.82
113,10,63000090,南港區隊,174.96
113,10,63000110,士林區隊,416.96
113,10,63000100,內湖區隊,441.68
113,10,63000020,信義區隊,361.63
113,10,63000050,中正區隊,234.64
113,10,63000070,萬華區隊,260.14
113,10,63000030,大安區隊,577.63
113,10,63000080,文山區隊,484.35
113,10,63000060,大同區隊,131.23
113,10,,其他,53.88
113,11,63000120,北投區隊,299.38
113,11,63000010,松山區隊,374.67
113,11,63000040,中山區隊,564.44
113,11,63000090,南港區隊,183.94
113,11,63000110,士林區隊,457.1
113,11,63000100,內湖區隊,484.69
113,11,63000020,信義區隊,408.76
113,11,63000050,中正區隊,258.65
113,11,63000070,萬華區隊,281.09
113,11,63000030,大安區隊,642.94
113,11,63000080,文山區隊,531.42
113,11,63000060,大同區隊,139.79
113,11,,其他,65.55
113,12,63000120,北投區隊,327.02
113,12,63000010,松山區隊,368.02
113,12,63000040,中山區隊,567.25
113,12,63000090,南港區隊,189.85
113,12,63000110,士林區隊,448.41
113,12,63000100,內湖區隊,476.4
113,12,63000020,信義區隊,390.9
113,12,63000050,中正區隊,247.04
113,12,63000070,萬華區隊,266.29
113,12,63000030,大安區隊,639.64
113,12,63000080,文山區隊,524.14
113,12,63000060,大同區隊,136.35
113,12,,其他,88.22
114,1,63000120,北投區隊,435.78
114,1,63000010,松山區隊,488.92
114,1,63000040,中山區隊,762.98
114,1,63000090,南港區隊,238.9
114,1,63000110,士林區隊,615.35
114,1,63000100,內湖區隊,684.63
114,1,63000020,信義區隊,527.55
114,1,63000050,中正區隊,318.3
114,1,63000070,萬華區隊,372.81
114,1,63000030,大安區隊,832.36
114,1,63000080,文山區隊,735.71
114,1,63000060,大同區隊,171
114,1,,其他,79.67
114,2,63000120,北投區隊,287.51
114,2,63000010,松山區隊,334.82
114,2,63000040,中山區隊,518.02
114,2,63000090,南港區隊,161.37
114,2,63000110,士林區隊,415.14
114,2,63000100,內湖區隊,435.56
114,2,63000020,信義區隊,360.11
114,2,63000050,中正區隊,231.76
114,2,63000070,萬華區隊,257.63
114,2,63000030,大安區隊,583.67
114,2,63000080,文山區隊,487.08
114,2,63000060,大同區隊,112.04
114,2,,其他,60.95
114,3,63000120,北投區隊,304.94
114,3,63000010,松山區隊,351.46
114,3,63000040,中山區隊,535.4
114,3,63000090,南港區隊,168.25
114,3,63000110,士林區隊,426.57
114,3,63000100,內湖區隊,449.97
114,3,63000020,信義區隊,365.85
114,3,63000050,中正區隊,238.24
114,3,63000070,萬華區隊,271.68
114,3,63000030,大安區隊,608.7
114,3,63000080,文山區隊,491.93
114,3,63000060,大同區隊,120.09
114,3,,其他,56.19
114,4,63000120,北投區隊,302.88
114,4,63000010,松山區隊,339.32
114,4,63000040,中山區隊,526.97
114,4,63000090,南港區隊,165.48
114,4,63000110,士林區隊,415.81
114,4,63000100,內湖區隊,441.31
114,4,63000020,信義區隊,362.58
114,4,63000050,中正區隊,239.57
114,4,63000070,萬華區隊,260.07
114,4,63000030,大安區隊,592.94
114,4,63000080,文山區隊,489.78
114,4,63000060,大同區隊,113.13
114,4,,其他,82.11
114,5,63000120,北投區隊,344.11
114,5,63000010,松山區隊,380.09
114,5,63000040,中山區隊,574.24
114,5,63000090,南港區隊,174.87
114,5,63000110,士林區隊,452.24
114,5,63000100,內湖區隊,473.79
114,5,63000020,信義區隊,399.44
114,5,63000050,中正區隊,263.68
114,5,63000070,萬華區隊,284.98
114,5,63000030,大安區隊,647.22
114,5,63000080,文山區隊,526.49
114,5,63000060,大同區隊,128.49
114,5,,其他,55.29
114,6,63000120,北投區隊,329.74
114,6,63000010,松山區隊,362.14
114,6,63000040,中山區隊,554.67
114,6,63000090,南港區隊,178.65
114,6,63000110,士林區隊,451.3
114,6,63000100,內湖區隊,479.38
114,6,63000020,信義區隊,382.57
114,6,63000050,中正區隊,260.4
114,6,63000070,萬華區隊,270.14
114,6,63000030,大安區隊,630.17
114,6,63000080,文山區隊,528.7
114,6,63000060,大同區隊,132.63
114,6,,其他,67.65
114,7,63000120,北投區隊,359.15
114,7,63000010,松山區隊,379.63
114,7,63000040,中山區隊,587.51
114,7,63000090,南港區隊,191.34
114,7,63000110,士林區隊,477.74
114,7,63000100,內湖區隊,502.7
114,7,63000020,信義區隊,398.42
114,7,63000050,中正區隊,271.96
114,7,63000070,萬華區隊,291
114,7,63000030,大安區隊,674.07
114,7,63000080,文山區隊,565.32
114,7,63000060,大同區隊,143.63
114,7,,其他,72.53
114,8,63000120,北投區隊,350.62
114,8,63000010,松山區隊,366.11
114,8,63000040,中山區隊,569
114,8,63000090,南港區隊,183.94
114,8,63000110,士林區隊,474.81
114,8,63000100,內湖區隊,494.81
114,8,63000020,信義區隊,404.82
114,8,63000050,中正區隊,268.26
114,8,63000070,萬華區隊,293.37
114,8,63000030,大安區隊,676.19
114,8,63000080,文山區隊,547.69
114,8,63000060,大同區隊,139.56
114,8,,其他,75.37
114,9,63000120,北投區隊,336.32
114,9,63000010,松山區隊,369.03
114,9,63000040,中山區隊,566.77
114,9,63000090,南港區隊,181.86
114,9,63000110,士林區隊,464.14
114,9,63000100,內湖區隊,481.69
114,9,63000020,信義區隊,393
114,9,63000050,中正區隊,269.65
114,9,63000070,萬華區隊,278.49
114,9,63000030,大安區隊,668.25
114,9,63000080,文山區隊,543.21
114,9,63000060,大同區隊,132.31
114,9,,其他,54.93
114,10,63000120,北投區隊,339.19
114,10,63000010,松山區隊,355.07
114,10,63000040,中山區隊,560.37
114,10,63000090,南港區隊,176.43
114,10,63000110,士林區隊,463.4
114,10,63000100,內湖區隊,482.41
114,10,63000020,信義區隊,392.34
114,10,63000050,中正區隊,257.74
114,10,63000070,萬華區隊,279.33
114,10,63000030,大安區隊,657.92
114,10,63000080,文山區隊,540.75
114,10,63000060,大同區隊,133
114,10,,其他,60.21
114,11,63000120,北投區隊,343.22
114,11,63000010,松山區隊,357.94
114,11,63000040,中山區隊,551.13
114,11,63000090,南港區隊,178.95
114,11,63000110,士林區隊,431.98
114,11,63000100,內湖區隊,486.56
114,11,63000020,信義區隊,385.32
114,11,63000050,中正區隊,253.53
114,11,63000070,萬華區隊,281.87
114,11,63000030,大安區隊,650.33
114,11,63000080,文山區隊,527.73
114,11,63000060,大同區隊,136.45
114,11,,其他,47.78
114,12,63000120,北投區隊,363.44
114,12,63000010,松山區隊,396.36
114,12,63000040,中山區隊,607.8
114,12,63000090,南港區隊,175.89
114,12,63000110,士林區隊,458.34
114,12,63000100,內湖區隊,513.75
114,12,63000020,信義區隊,429.91
114,12,63000050,中正區隊,269.1
114,12,63000070,萬華區隊,293.61
114,12,63000030,大安區隊,705.37
114,12,63000080,文山區隊,560.34
114,12,63000060,大同區隊,147.41
114,12,,其他,81.49
115,1,63000120,北投區隊,418.92
115,1,63000010,松山區隊,432.76
115,1,63000040,中山區隊,659.31
115,1,63000090,南港區隊,221.78
115,1,63000110,士林區隊,528.47
115,1,63000100,內湖區隊,579.84
115,1,63000020,信義區隊,464.42
115,1,63000050,中正區隊,304.51
115,1,63000070,萬華區隊,330.4
115,1,63000030,大安區隊,781.4
115,1,63000080,文山區隊,639.34
115,1,63000060,大同區隊,169.02
115,1,,其他,109.17
115,2,63000120,北投區隊,413.53
115,2,63000010,松山區隊,469.34
115,2,63000040,中山區隊,707.72
115,2,63000090,南港區隊,225.9
115,2,63000110,士林區隊,608.8
115,2,63000100,內湖區隊,665.78
115,2,63000020,信義區隊,496.59
115,2,63000050,中正區隊,305.7
115,2,63000070,萬華區隊,374.33
115,2,63000030,大安區隊,835.62
115,2,63000080,文山區隊,731.97
115,2,63000060,大同區隊,169.05
115,2,,其他,66.65
